"vmName";"vmState"
"PVMLSTREAMING20";"PoweredOn"
"pxl0mgohr003";"PoweredOn"
"pxl0mypwk002";"PoweredOn"
"pxl0piwik311";"PoweredOn"
"pxl0piwik316";"PoweredOn"
"pxl1bdh00015";"PoweredOn"
"pxl1bdh00018";"PoweredOn"
"pxl1bdh00019";"PoweredOn"
"pxl1bdhel002";"PoweredOn"
"pxl1bdhel003";"PoweredOn"
"pxl1bdhmy004";"PoweredOn"
"pxl1bdhmy007";"PoweredOn"
"pxl1bdhpg003";"PoweredOn"
"pxl1bdhrd001";"PoweredOn"
"pxl1bdhrd028";"PoweredOn"
"pxl1bdhrd034";"PoweredOn"
"pxl1bdhrd056";"PoweredOn"
"pxl1bdhrd058";"PoweredOn"
"pxl1bdhrd064";"PoweredOn"
"pxl1bdhrd067";"PoweredOn"
"pxl1bdhrd074";"PoweredOn"
"pxl1bdhrd080";"PoweredOn"
"pxl1bdhrd082";"PoweredOn"
"pxl1myq00001";"PoweredOn"
"pxl1myq00003";"PoweredOn"
