"vmName";"vmState"
"pvmlcpgsql01";"PoweredOn"
"pvmwcmssql01";"PoweredOn"
"pvmwcmssql02";"PoweredOn"
"pvmwcmssql03";"PoweredOn"
"pvmwcmssql05";"PoweredOn"
"pxl1bdhmg007";"PoweredOn"
"pxl1bdhmy013";"PoweredOn"
"pxl1bdhmy019";"PoweredOn"
"pxl1bdhrd037";"PoweredOn"
"pxl1bdhrd041";"PoweredOn"
"pxl1bdhrd049";"PoweredOn"
"pxl1bdhrd053";"PoweredOn"
"pxl1bdhrd055";"PoweredOn"
"pxl1bdhrd066";"PoweredOn"
"pxl1bdhrd075";"PoweredOn"
"pxl1bdhrd077";"PoweredOn"
"pxl1bdhrd087";"PoweredOn"
"pxl1bdhrd089";"PoweredOn"
"PXL1CHM0203";"PoweredOn"
"PXW0CMSQL003";"PoweredOn"
"PXW0CMSQL004";"PoweredOn"
"pxw1bdh00006";"PoweredOn"
"pxw1bdhms002";"PoweredOn"
"pxw1bdhms004";"PoweredOn"
"pxw1bdhms013";"PoweredOn"
"SVLBSA01MYSQL01";"PoweredOn"
"svwbsa01mssql01";"PoweredOn"
