"vmName";"vmState"
"php10207C";"PoweredOff"
"pvmwcmssql04";"PoweredOn"
"pxl1bdh00025";"PoweredOn"
"pxl1bdhmy017";"PoweredOn"
"pxl1bdhrd002";"PoweredOn"
"pxl1bdhrd004";"PoweredOn"
"pxl1bdhrd006";"PoweredOn"
"pxl1bdhrd027";"PoweredOn"
"pxl1bdhrd029";"PoweredOn"
"pxl1bdhrd031";"PoweredOn"
"pxl1bdhrd033";"PoweredOn"
"pxl1bdhrd039";"PoweredOn"
"pxl1bdhrd045";"PoweredOn"
"pxl1bdhrd051";"PoweredOn"
"pxl1bdhrd057";"PoweredOn"
"pxl1bdhrd059";"PoweredOn"
"pxl1bdhrd061";"PoweredOn"
"pxl1bdhrd065";"PoweredOn"
"pxl1bdhrd069";"PoweredOn"
"pxl1bdhrd071";"PoweredOn"
"pxl1bdhrd073";"PoweredOn"
"PXW0CMSQL002";"PoweredOn"
"pxw0mssql007";"PoweredOn"
"pxw1bdhms007";"PoweredOn"
"pxw1bdhms009";"PoweredOn"
"pxw1bdhms011";"PoweredOn"
"PXW1MDCCS201";"PoweredOn"
"PXW1MDCSQ201";"PoweredOn"
"X64IBM028C";"PoweredOff"
"X64IBM029C";"PoweredOff"
"X64IBM047C";"PoweredOff"
