"vmName";"vmState"
"PVMWICE03";"PoweredOn"
"PVMWMSSQL01";"PoweredOn"
"PVMWMSSQL02";"PoweredOn"
"PVMWMSSQL05";"PoweredOn"
"PVMWMSSQL07";"PoweredOn"
"PVMWMSSQL08";"PoweredOn"
"PVMWSQLTESTE2";"PoweredOn"
"pxl1bdh00024";"PoweredOn"
"pxl1bdh00026";"PoweredOn"
"pxl1bdhmg006";"PoweredOn"
"pxl1bdhmy012";"PoweredOn"
"pxl1bdhrd085";"PoweredOn"
"pxl1bdhrd088";"PoweredOn"
"pxw0bbdtv001";"PoweredOn"
"PXW0MSSQL002";"PoweredOn"
"PXW0MSSQL003";"PoweredOn"
"PXW0MSSQL004";"PoweredOn"
"PXW0SQLCM001";"PoweredOn"
"PXW0SQLCM002";"PoweredOn"
"PXW0SQLCM003";"PoweredOn"
"PXW0SQLCM004";"PoweredOn"
"pxw1bdh00003";"PoweredOn"
"pxw1bdhms008";"PoweredOn"
"pxw1bdhms012";"PoweredOn"
"SVWBSA09SISVA01";"PoweredOn"
