"vmName";"vmState"
"PVMWMSSQL03";"PoweredOn"
"PVMWMSSQL06";"PoweredOn"
"pvmwsassql001";"PoweredOn"
"PVMWSQLTESTE1";"PoweredOn"
"pxl1bdhmg004";"PoweredOn"
"pxl1bdhmy016";"PoweredOn"
"pxl1bdhmy018";"PoweredOn"
"pxl1bdhrd084";"PoweredOn"
"pxl1bdhrd086";"PoweredOn"
"PXW0MSSQL001";"PoweredOn"
"PXW0ZEN0001";"PoweredOn"
"pxw1bdh00001";"PoweredOn"
"pxw1bdh00002";"PoweredOn"
"pxw1bdh00004";"PoweredOn"
"pxw1bdh00005";"PoweredOn"
"pxw1bdhhi001";"PoweredOn"
"pxw1bdhms001";"PoweredOn"
"pxw1bdhms005";"PoweredOn"
"pxw1bdhms006";"PoweredOn"
"pxw1bdhms010";"PoweredOn"
