"vmName";"vmState"
"HVMLHSPDB2_Procon_HML";"PoweredOn"
"PVML-HOSP002";"PoweredOn"
"PVML-HOSP023";"PoweredOn"
"PVML-HOSP072";"PoweredOn"
"pvml-hosp109";"PoweredOn"
"pvml-hosp112";"PoweredOn"
"pvmlhosp137";"PoweredOn"
"PVMLPROCON01";"PoweredOn"
"PVMW9946SACSP";"PoweredOn"
"pxl0hdprt003";"PoweredOn"
"pxl0hosp0032";"PoweredOn"
"pxl0hosp0042";"PoweredOn"
"pxl0hosp0067";"PoweredOn"
"pxl0hosp0075";"PoweredOn"
"pxl0hosp0112";"PoweredOn"
"pxl0hosp0117";"PoweredOn"
"pxl0hosp0126";"PoweredOn"
"pxl0hosp0129";"PoweredOn"
"pxl0hosp0133";"PoweredOn"
"pxl0hosp0152";"PoweredOn"
"pxl0hosp0160";"PoweredOn"
"pxl0hosp0179";"PoweredOn"
"pxl0hosp0191";"PoweredOn"
"pxl0hosp0223";"PoweredOn"
"pxl0hosp0225";"PoweredOn"
"pxl0hosp0226";"PoweredOn"
"pxl0hosp0230";"PoweredOn"
"pxl0hosp0288";"PoweredOn"
"pxl0hosp0306";"PoweredOn"
"pxl0hosp0317";"PoweredOn"
"pxl0hosp0330";"PoweredOn"
"pxl0hosp0343";"PoweredOn"
"pxl0hosp0345";"PoweredOn"
"pxl0hosp0350";"PoweredOn"
"pxl0hosp0371";"PoweredOn"
"pxl0hosp0375";"PoweredOn"
"pxl0hosp0377";"PoweredOn"
"pxl0hosp0381";"PoweredOn"
"pxl0hosp0383";"PoweredOn"
"pxl0hosp0389";"PoweredOn"
"pxl0hosp0392";"PoweredOn"
"pxl0hosp0394";"PoweredOn"
"pxl0hosp0398";"PoweredOn"
"pxl0hosp0410";"PoweredOn"
"pxl0hosp0412_Restore";"PoweredOn"
"pxl0hosp0432";"PoweredOn"
"pxl0hosp0443";"PoweredOn"
"pxl0hosp0454";"PoweredOn"
"pxl0hosp0477";"PoweredOn"
"pxl0hosp0479";"PoweredOn"
"pxl0hosp0483";"PoweredOn"
"pxl0hosp0487";"PoweredOn"
"pxl0hosp0490";"PoweredOn"
"pxl0hosp0501";"PoweredOn"
"pxl0hosp0504";"PoweredOn"
"pxl0hosp0519";"PoweredOn"
"pxl0hosp0548_nao_ligar";"PoweredOn"
"pxl0hosp0564";"PoweredOn"
"pxl0hosp0572";"PoweredOn"
"pxl0hosp0585";"PoweredOn"
"pxl0hosp0586";"PoweredOn"
"pxl0hosp0587";"PoweredOn"
"pxl0hosp0591";"PoweredOn"
"pxl0hosp0594";"PoweredOn"
"pxl0hosp0595";"PoweredOn"
"pxl0hosp0596";"PoweredOn"
"pxl0hosp0597";"PoweredOn"
"pxl0hosp0598";"PoweredOn"
"pxl0hosp0599";"PoweredOn"
"pxl0hosp0603";"PoweredOn"
"pxl0hosp0605";"PoweredOn"
"pxl0hosp0612";"PoweredOn"
"pxl0hosp0615";"PoweredOn"
"pxl0hosp0616";"PoweredOn"
"pxl0hosp0617";"PoweredOn"
"pxl0hosp0619";"PoweredOn"
"pxl0hosp0620";"PoweredOn"
"pxl0hosp0626";"PoweredOn"
"pxl0hosp0628";"PoweredOn"
"pxl0hosp0629";"PoweredOn"
"pxl0hosp0632";"PoweredOn"
"pxl0hosp0634";"PoweredOn"
"pxl0hosp0638";"PoweredOn"
"pxl0hosp0640";"PoweredOn"
"pxl0intra001";"PoweredOn"
"PXW0DISAT001";"PoweredOn"
"PXW0FBB00016-FBB4005";"PoweredOn"
"PXW0FBB00017-FBB6100";"PoweredOn"
"PXW0FBB00019-FBB2100";"PoweredOn"
"PXW0FBB00025-FBB4014-PontoSoft";"PoweredOn"
"PXW0FBB00026-FBB4202-Joomla-desenvolvimento";"PoweredOn"
"PXW0FBB00028-FBB4104-WDS";"PoweredOn"
"pxw0gcn00001";"PoweredOn"
"pxw0hosp0048";"PoweredOn"
"pxw0hosp0069";"PoweredOn"
"pxw1tsmve004";"PoweredOn"
"srdferwin01";"PoweredOn"
"SRIBSA019946A28";"PoweredOn"
"VMWSGH-BD186";"PoweredOn"
