"vmName";"vmState"
"dxl0disat001";"PoweredOn"
"PVMLGOVDNS1";"PoweredOn"
"pvmlgtdigov02";"PoweredOn"
"PVML-HOSP010";"PoweredOn"
"PVML-HOSP012";"PoweredOn"
"PVML-HOSP016";"PoweredOn"
"PVML-HOSP020";"PoweredOn"
"PVML-HOSP027";"PoweredOn"
"PVML-HOSP040";"PoweredOn"
"pvml-hosp043";"PoweredOn"
"pvml-hosp044";"PoweredOn"
"PVML-HOSP081";"PoweredOn"
"pvml-hosp094";"PoweredOn"
"pvmlhosp132";"PoweredOn"
"pvmlrhel_clg_repo";"PoweredOn"
"PVMW9946AFD2";"PoweredOn"
"PVMW9946DATRJ";"PoweredOn"
"PVMW9946DF1";"PoweredOn"
"PVMW9946DF3";"PoweredOn"
"pvmwgtdiemp03";"PoweredOn"
"pxl0cosmo001";"PoweredOn"
"pxl0csirt018";"PoweredOn"
"pxl0disin003";"PoweredOn"
"PXL0DNSHEX01";"PoweredOn"
"PXL0DNSHEX02";"PoweredOn"
"PXL0FBB00001-FBB4120-Proj_Memoria";"PoweredOn"
"pxl0gtucp001";"PoweredOn"
"pxl0hdprt005";"PoweredOn"
"pxl0hdprt006";"PoweredOn"
"pxl0hosp0029";"PoweredOn"
"pxl0hosp0030";"PoweredOn"
"pxl0hosp0031";"PoweredOn"
"pxl0hosp0044";"PoweredOn"
"pxl0hosp0051";"PoweredOn"
"pxl0hosp0053";"PoweredOn"
"pxl0hosp0058";"PoweredOn"
"pxl0hosp0058_restore_12";"PoweredOff"
"pxl0hosp0068";"PoweredOn"
"pxl0hosp0079";"PoweredOn"
"pxl0hosp0141";"PoweredOn"
"pxl0hosp0146";"PoweredOn"
"pxl0hosp0178";"PoweredOn"
"pxl0hosp0199";"PoweredOn"
"pxl0hosp0202_restore";"PoweredOff"
"pxl0hosp0204";"PoweredOn"
"pxl0hosp0205";"PoweredOn"
"pxl0hosp0211";"PoweredOn"
"pxl0hosp0214";"PoweredOn"
"pxl0hosp0216";"PoweredOn"
"pxl0hosp0217";"PoweredOn"
"pxl0hosp0219";"PoweredOn"
"pxl0hosp0220";"PoweredOn"
"pxl0hosp0222_rest";"PoweredOn"
"pxl0hosp0224";"PoweredOn"
"pxl0hosp0227";"PoweredOn"
"pxl0hosp0231";"PoweredOn"
"pxl0hosp0240";"PoweredOn"
"pxl0hosp0248";"PoweredOn"
"pxl0hosp0250";"PoweredOn"
"pxl0hosp0251";"PoweredOn"
"pxl0hosp0255";"PoweredOn"
"pxl0hosp0256";"PoweredOn"
"pxl0hosp0258";"PoweredOn"
"pxl0hosp0261";"PoweredOn"
"pxl0hosp0285";"PoweredOn"
"pxl0hosp0301";"PoweredOn"
"pxl0hosp0302";"PoweredOn"
"pxl0hosp0322";"PoweredOn"
"pxl0hosp0327";"PoweredOn"
"pxl0hosp0348";"PoweredOn"
"pxl0hosp0376";"PoweredOn"
"pxl0hosp0386";"PoweredOn"
"pxl0hosp0406";"PoweredOn"
"pxl0hosp0412_NaoLigar";"PoweredOff"
"pxl0hosp0413";"PoweredOn"
"pxl0hosp0417";"PoweredOn"
"pxl0hosp0420";"PoweredOn"
"pxl0hosp0423";"PoweredOn"
"pxl0hosp0426";"PoweredOn"
"pxl0hosp0428_new";"PoweredOn"
"pxl0hosp0445";"PoweredOn"
"pxl0hosp0456";"PoweredOn"
"pxl0hosp0485";"PoweredOn"
"pxl0hosp0496";"PoweredOn"
"pxl0hosp0528";"PoweredOn"
"pxl0hosp0535";"PoweredOn"
"pxl0hosp0560";"PoweredOn"
"pxl0hosp0574";"PoweredOn"
"pxl0hosp0575";"PoweredOn"
"pxl0hosp0588";"PoweredOn"
"pxl0hosp0589";"PoweredOn"
"pxl0hosp0590";"PoweredOn"
"pxl0hosp0592";"PoweredOn"
"pxl0hosp0593__deletar_em__29_01_2020__14_54_27";"PoweredOff"
"pxl0hosp0600";"PoweredOn"
"pxl0hosp0601";"PoweredOn"
"pxl0hosp0602";"PoweredOn"
"pxl0hosp0606__deletar_em__15_03_2020__12_40_29";"PoweredOff"
"pxl0hosp0607";"PoweredOn"
"pxl0hosp0610";"PoweredOn"
"pxl0hosp0611";"PoweredOn"
"pxl0hosp0613";"PoweredOn"
"pxl0hosp0614";"PoweredOn"
"pxl0hosp0623__deletar_em__18_06_2020__17_53_44";"PoweredOff"
"pxl0hosp0624";"PoweredOn"
"pxl0hosp0625";"PoweredOn"
"pxl0hosp0627";"PoweredOn"
"pxl0hosp0630";"PoweredOn"
"pxl0hosp0633";"PoweredOn"
"pxl0hosp0639";"PoweredOn"
"pxl0hosp0641";"PoweredOn"
"pxl1tsm00044";"PoweredOn"
"pxl1tsm00094_delete";"PoweredOff"
"pxl1tsmve014";"PoweredOn"
"pxl1tsmve015";"PoweredOn"
"pxl1tsmve017";"PoweredOn"
"pxw0csabb006";"PoweredOn"
"PXW0FBB00011-FBB2300";"PoweredOn"
"PXW0FBB00014-FBB2200";"PoweredOn"
"PXW0FBB00020-FBB2101";"PoweredOn"
"PXW0FBB00033-FBB4102-Joomla-producao";"PoweredOn"
"pxw0gecen003";"PoweredOn"
"pxw0hosp0001";"PoweredOn"
"pxw0hosp0012";"PoweredOn"
"pxw0hosp0046";"PoweredOn"
"pxw0hosp0049";"PoweredOn"
"pxw0hosp0060";"PoweredOn"
"pxw0hosp0061";"PoweredOn"
"pxw0hosp0068";"PoweredOn"
"pxw0hosp0070";"PoweredOn"
"pxw0hosp0071__deletar_em__26_06_2020__18_41_13";"PoweredOff"
"pxw0hosp0075";"PoweredOn"
"pxw0hosp0077";"PoweredOn"
"SRIBSA019946A27";"PoweredOn"
"VMLHOSP187";"PoweredOn"
"VMWSISJUR195";"PoweredOn"
