"vmName";"vmState"
"DVMLOCSSERVER";"PoweredOn"
"HVMLOCSSERVER";"PoweredOn"
"pvmlbdflume01";"PoweredOn"
"pvmlca-apm";"PoweredOn"
"PVMLCONMAILER01";"PoweredOn"
"pvmlgcpext02";"PoweredOn"
"pvmlgeris03";"PoweredOn"
"pvmlmcmv09";"PoweredOn"
"pvmlnumapl01";"PoweredOn"
"PVMLORACLE01";"PoweredOn"
"pvmlrdvba001";"PoweredOn"
"pvmlstmcu902";"PoweredOn"
"PVMLTESTERHEL5";"PoweredOn"
"PVMWINFRAP2000";"PoweredOn"
"PVMWREPORTTIER01";"PoweredOn"
"PVMWSAE13";"PoweredOn"
"PVMWSAN4";"PoweredOn"
"PVMWSEGLOG01";"PoweredOn"
"pxl0apmco004";"PoweredOn"
"pxl0cdn00016";"PoweredOn"
"pxl0cmsco005";"PoweredOn"
"PXL0COBAN001";"PoweredOn"
"pxl0cpri0003";"PoweredOn"
"pxl0dns00002";"PoweredOn"
"pxl0dockr041";"PoweredOn"
"pxl0gdisp001";"PoweredOn"
"pxl0hpsm0002";"PoweredOn"
"pxl0hpsm0003";"PoweredOn"
"pxl0mon00012";"PoweredOn"
"pxl0mon00057";"PoweredOn"
"pxl0monid001";"PoweredOn"
"pxl0mwg00008";"PoweredOn"
"pxl0seglog001";"PoweredOn"
"pxl0testusr001";"PoweredOn"
"pxl0tm100003";"PoweredOn"
"PXL0TRB00002";"PoweredOn"
"pxl1aai00008";"PoweredOn"
"pxl1aml00009";"PoweredOn"
"pxl1aml00025";"PoweredOn"
"pxl1any00008";"PoweredOn"
"pxl1any00013";"PoweredOn"
"pxl1apmco004";"PoweredOn"
"pxl1apmwv001";"PoweredOn"
"pxl1aub00005";"PoweredOn"
"pxl1bpa00024";"PoweredOn"
"pxl1cbo00003";"PoweredOn"
"pxl1cbo00004";"PoweredOn"
"pxl1cea00004";"PoweredOn"
"pxl1cea00024";"PoweredOff"
"PXL1CEASU013_gerenciaEmonitoramento_naoligar";"PoweredOff"
"pxl1dts00003";"PoweredOn"
"pxl1fgp00007";"PoweredOn"
"pxl1gir00009";"PoweredOn"
"pxl1gir00028";"PoweredOn"
"pxl1gmtap002";"PoweredOn"
"pxl1hpo00015";"PoweredOn"
"pxl1hpsm0001";"PoweredOn"
"pxl1iib00002";"PoweredOn"
"pxl1ipa00010";"PoweredOn"
"pxl1ipa00019";"PoweredOn"
"pxl1ipa00048";"PoweredOn"
"pxl1ise00040";"PoweredOn"
"pxl1ise00045";"PoweredOn"
"pxl1ldpod017";"PoweredOn"
"pxl1lnxad001";"PoweredOn"
"pxl1lnxdb001";"PoweredOn"
"pxl1lnxdk002";"PoweredOn"
"PXL1LNXND002";"PoweredOn"
"pxl1lnxsu12001";"PoweredOn"
"pxl1mdc00007";"PoweredOn"
"pxl1miv10001";"PoweredOn"
"pxl1miv10003_new";"PoweredOn"
"pxl1miv30002";"PoweredOn"
"pxl1nia20001";"PoweredOn"
"pxl1oqmcz003";"PoweredOn"
"pxl1pdi00011";"PoweredOn"
"pxl1psckb038";"PoweredOn"
"pxl1pscmo103";"PoweredOn"
"pxl1qst00002";"PoweredOn"
"pxl1sgn00252";"PoweredOn"
"pxl1sso00025";"PoweredOn"
"PXL1TBS00093";"PoweredOn"
"pxl1tbsbw004";"PoweredOn"
"pxl1tbsbw019";"PoweredOn"
"pxl1tbsbw021";"PoweredOn"
"pxl1tsm00016";"PoweredOn"
"pxl1ucdag004";"PoweredOn"
"pxw0sqlof001";"PoweredOn"
"pxw1ath00006";"PoweredOn"
"pxw1ceasg018";"PoweredOn"
"PXW1CEASV021";"PoweredOn"
"pxw1mqs00001";"PoweredOn"
"pxw1spf00070";"PoweredOn"
"pxw1win00010";"PoweredOn"
"SR738001003";"PoweredOn"
