"vmName";"vmState"
"php10201";"PoweredOn"
"PUP-HE-Clone";"PoweredOn"
"pvmlcob001";"PoweredOn"
"pvmlhdn-16";"PoweredOn"
"PVMLINT03";"PoweredOn"
"pvmljoom04";"PoweredOn"
"pvmlnumweb02";"PoweredOn"
"PVMLPKG01";"PoweredOn"
"PVMLRTVIEW03";"PoweredOn"
"PVMLSAS01";"PoweredOn"
"PVMLSIPREV01";"PoweredOn"
"pvmlspotserv01";"PoweredOn"
"PVMLSTPR04";"PoweredOn"
"PVMLTIBCO11";"PoweredOn"
"PVMW9946SP1";"PoweredOn"
"PVMWCOGTM01";"PoweredOn"
"PVMWIMP01";"PoweredOn"
"PVMW-IPS-SPDB01";"PoweredOn"
"PVMWSAE11";"PoweredOn"
"PVMWSAN5";"PoweredOn"
"PVMWSDD02";"PoweredOn"
"PVMWTSMMON01";"PoweredOn"
"pvmwwsus01";"PoweredOn"
"pxl0cmsco002";"PoweredOn"
"pxl0cmsco004";"PoweredOn"
"PXL0COBAN002";"PoweredOn"
"pxl0csirt003";"PoweredOn"
"pxl0mcmv0001";"PoweredOn"
"pxl0mon00010";"PoweredOn"
"pxl0mon00055";"PoweredOn"
"pxl0niajp003";"PoweredOn"
"pxl0piwik003";"PoweredOn"
"pxl0piwik010";"PoweredOn"
"pxl0squid108";"PoweredOn"
"pxl1ahs00088";"PoweredOn"
"pxl1aml00003";"PoweredOn"
"pxl1aml00007";"PoweredOn"
"pxl1any00006";"PoweredOn"
"pxl1apmhe029";"PoweredOn"
"pxl1aub00045";"PoweredOn"
"pxl1aub00056";"PoweredOn"
"PXL1CEASU004";"PoweredOn"
"PXL1CEASU007";"PoweredOn"
"pxl1ddm00004";"PoweredOn"
"pxl1elk00011";"PoweredOn"
"pxl1hpsm0007";"PoweredOn"
"pxl1ipa00159";"PoweredOn"
"pxl1lnxts001";"PoweredOn"
"pxl1mwgc1006";"PoweredOn"
"pxl1nia40004";"PoweredOn"
"pxl1obi00013";"PoweredOn"
"PXL1OQMAG013";"PoweredOn"
"pxl1oqmcm001";"PoweredOn"
"pxl1otm00001";"PoweredOn"
"pxl1psckb003";"PoweredOn"
"pxl1psckb009";"PoweredOn"
"pxl1psckb041";"PoweredOn"
"pxl1pscnd009";"PoweredOn"
"pxl1pwnet001";"PoweredOn"
"pxl1rvb00128";"PoweredOn"
"pxl1rvb00131";"PoweredOn"
"pxl1spf00006";"PoweredOn"
"PXL1SRCHB001";"PoweredOn"
"PXL1SRCMB027";"PoweredOn"
"PXL1SRCMB029";"PoweredOn"
"PXL1SRCPJ014";"PoweredOn"
"pxl1sso00030";"PoweredOn"
"pxl1sso00049";"PoweredOn"
"PXL1TBS00012_CLONE_NAO_LIGAR";"PoweredOff"
"PXL1TBS00117";"PoweredOn"
"pxl1tbsbe001";"PoweredOn"
"pxl1tbsbw001";"PoweredOn"
"pxl1tbsbw014";"PoweredOn"
"pxw0ars00001";"PoweredOn"
"pxw0sjpfs001";"PoweredOn"
"PXW1AMB00007";"PoweredOn"
"pxw1cea00002";"PoweredOn"
"PXW1CEADG012";"PoweredOn"
"pxw1ceasg024";"PoweredOn"
"pxw1ceasg026";"PoweredOn"
"pxw1mdm00005";"PoweredOn"
"pxw1spf00003";"PoweredOn"
"pxw1spf00007";"PoweredOn"
"pxw1spf00032";"PoweredOn"
"VMWPSTAW2";"PoweredOn"
"VMWPSTAW6";"PoweredOn"
