"vmName";"vmState"
"dvmwcducmdb01";"PoweredOn"
"GNS0";"PoweredOn"
"pvmcwrecapp";"PoweredOn"
"pvmlintcor003";"PoweredOn"
"PVMWC-IPS-SPAM01";"PoweredOn"
"PVMWTSMREPORT02";"PoweredOn"
"pxl0amh00001";"PoweredOn"
"pxl0api00003";"PoweredOn"
"pxl0cadsm104";"PoweredOn"
"PXL0CATUS001";"PoweredOn"
"pxl0cdn00007";"PoweredOn"
"pxl0cdn00008";"PoweredOn"
"pxl0cdn00020";"PoweredOn"
"pxl0cdn00021";"PoweredOn"
"pxl0cdn00023";"PoweredOn"
"pxl0dns00008";"PoweredOn"
"pxl0fwmlm002";"PoweredOn"
"PXL0FWSMS002";"PoweredOn"
"pxl0gppcd001";"PoweredOn"
"pxl0horto004";"PoweredOn"
"pxl0jurbd00001";"PoweredOn"
"pxl0jurbd00019";"PoweredOn"
"pxl0jurbd00022";"PoweredOn"
"pxl0jurbd00023";"PoweredOn"
"pxl0jurbd00026";"PoweredOn"
"pxl0jurbd00034";"PoweredOn"
"pxl0jurbd00039";"PoweredOn"
"pxl0jurbd00054";"PoweredOn"
"pxl0jurbd00058";"PoweredOn"
"pxl0labbs004";"PoweredOn"
"pxl0lon00004";"PoweredOn"
"pxl0lon00005";"PoweredOn"
"pxl0lon00006";"PoweredOn"
"pxl0lon00007";"PoweredOn"
"pxl0mon00014";"PoweredOn"
"pxl0nnmi0019";"PoweredOn"
"pxl0nnmif004";"PoweredOn"
"pxl0nntrf007";"PoweredOn"
"pxl0pajpx003";"PoweredOn"
"pxl0pbb20005";"PoweredOn"
"pxl0piwik016";"PoweredOn"
"pxl0piwik018";"PoweredOn"
"PXL0PJRDC008_pvmlappserv04";"PoweredOn"
"PXL0SQUID017";"PoweredOn"
"pxl0squid202";"PoweredOn"
"pxl0squid212";"PoweredOn"
"pxl0tda01004";"PoweredOn"
"pxl0tetop030";"PoweredOn"
"pxl0tetop032";"PoweredOn"
"pxl0tiscd001";"PoweredOn"
"pxl0vdtbb008";"PoweredOn"
"pxl1ahs00028";"PoweredOn"
"pxl1ahs00080";"PoweredOn"
"pxl1aml00020";"PoweredOn"
"pxl1ars00010";"PoweredOn"
"pxl1aub00075";"PoweredOn"
"pxl1big00137";"PoweredOn"
"pxl1big00234";"PoweredOn"
"pxl1big00236";"PoweredOn"
"pxl1big00240";"PoweredOn"
"pxl1big00242";"PoweredOn"
"pxl1big00244";"PoweredOn"
"pxl1big00246";"PoweredOn"
"pxl1cgnat013";"PoweredOn"
"PXL1CHM00203";"PoweredOn"
"pxl1ctm00001";"PoweredOn"
"pxl1ctm00005";"PoweredOn"
"pxl1flx00002";"PoweredOn"
"pxl1gir00013";"PoweredOn"
"pxl1hpo00042";"PoweredOn"
"pxl1hpsm0002";"PoweredOn"
"pxl1ipa00031";"PoweredOn"
"pxl1ipa00062";"PoweredOn"
"pxl1ipa00148";"PoweredOn"
"pxl1ldpod006";"PoweredOn"
"pxl1ldpod016";"PoweredOn"
"pxl1ldpod020";"PoweredOn"
"pxl1ldpod029";"PoweredOn"
"PXL1MDCVP202";"PoweredOn"
"PXL1MDCVP209";"PoweredOn"
"PXL1MDCVP210";"PoweredOn"
"pxl1mdm00008";"PoweredOn"
"pxl1mwg00202";"PoweredOn"
"PXL1MWGC2001";"PoweredOn"
"PXL1MWGC2004";"PoweredOn"
"pxl1nia00038";"PoweredOn"
"pxl1nia00039";"PoweredOn"
"pxl1nia00045";"PoweredOn"
"PXL1OQMCZ309";"PoweredOn"
"pxl1pim00002";"PoweredOn"
"pxl1pim00021";"PoweredOn"
"pxl1psckb209";"PoweredOn"
"pxl1psckb211";"PoweredOn"
"pxl1psckb214";"PoweredOn"
"pxl1psckb216";"PoweredOn"
"pxl1psckb217";"PoweredOn"
"pxl1psckb219";"PoweredOn"
"pxl1psckb220";"PoweredOn"
"pxl1pscnd023";"PoweredOn"
"pxl1pscnd034";"PoweredOn"
"pxl1pscnd049";"PoweredOn"
"pxl1pscnd204";"PoweredOn"
"pxl1rfg00002";"PoweredOn"
"PXL1SRCIN034";"PoweredOn"
"PXL1SRCSQ001";"PoweredOn"
"pxl1sso00024";"PoweredOn"
"pxl1sso00036";"PoweredOn"
"pxl1sso00046";"PoweredOn"
"pxl1sso00056";"PoweredOn"
"pxl1sso00061";"PoweredOn"
"pxl1ssopj004";"PoweredOn"
"pxl1ssopj008";"PoweredOn"
"PXL1TBS00028";"PoweredOn"
"PXL1TBS00045";"PoweredOn"
"PXL1TBS00118";"PoweredOn"
"pxl1tbs00134";"PoweredOn"
"pxl1tsm00074";"PoweredOn"
"pxl1ucdsr002";"PoweredOn"
"pxl1wikdr001";"PoweredOn"
"PXW0BB365005";"PoweredOn"
"PXW0BB365009";"PoweredOn"
"pxw0bb365084";"PoweredOn"
"PXW0BSMDP001";"PoweredOn"
"pxw0emcpo002";"PoweredOn"
"pxw0evlan001";"PoweredOn"
"pxw0sfs00017";"PoweredOn"
"pxw0sipap002";"PoweredOn"
"PXW0SKYPE012";"PoweredOn"
"PXW1CEACG004";"PoweredOn"
"PXW1MDCPS210";"PoweredOn"
"PXW1MDCPS220";"PoweredOn"
"pxw1mdm00014";"PoweredOn"
"pxw1mdm00017";"PoweredOn"
"pxw1spf00061";"PoweredOn"
"PXW1SWF00004";"PoweredOn"
"pxw1win00011";"PoweredOn"
"SR738001006";"PoweredOn"
"SR738101007";"PoweredOn"
"SR738301005";"PoweredOn"
"SR739301005";"PoweredOn"
"SVWBSA09BPIPR01";"PoweredOn"
"svwbsa22fs00001";"PoweredOn"
"svwbsa22iis0001";"PoweredOn"
"svwbsa22switi01";"PoweredOn"
"testeprddiretorias";"PoweredOn"
