"vmName";"vmState"
"eswbsa22a001";"PoweredOn"
"pvmclout102";"PoweredOn"
"pvmldnsanycast02";"PoweredOn"
"pvmlintcor004";"PoweredOn"
"pvmlpltweb002";"PoweredOn"
"pvmlssoexc004";"PoweredOn"
"PVMWC-IPS-SPAM02";"PoweredOn"
"pxl0amh00002";"PoweredOn"
"pxl0cauim101";"PoweredOn"
"pxl0git00002";"PoweredOn"
"pxl0idg00040";"PoweredOn"
"pxl0jurbd00016";"PoweredOn"
"pxl0jurbd00027";"PoweredOn"
"pxl0jurbd00032";"PoweredOn"
"pxl0jurbd00042";"PoweredOn"
"pxl0jurbd00044";"PoweredOn"
"pxl0jurbd00048";"PoweredOn"
"pxl0jurbd00050";"PoweredOn"
"pxl0jurbd00052";"PoweredOn"
"pxl0nnaut002";"PoweredOn"
"pxl0nnmi0018";"PoweredOn"
"pxl0omi00101";"PoweredOn"
"pxl0pbb20007";"PoweredOn"
"pxl0pbb20017";"PoweredOn"
"pxl0pbb20021";"PoweredOn"
"pxl0pbb20022";"PoweredOn"
"pxl0piwik013";"PoweredOn"
"pxl0piwik020";"PoweredOn"
"PXL0PSRVR001";"PoweredOn"
"PXL0PSRVR002";"PoweredOn"
"pxl0sadc0002";"PoweredOn"
"pxl0squid206";"PoweredOn"
"pxl0squid210";"PoweredOn"
"pxl0tda01005";"PoweredOn"
"pxl1ahs00016";"PoweredOn"
"pxl1ahs00027";"PoweredOn"
"pxl1ahs00031";"PoweredOn"
"pxl1ahs00033";"PoweredOn"
"pxl1ahs00053";"PoweredOn"
"pxl1aml00016";"PoweredOn"
"pxl1any00018";"PoweredOn"
"pxl1any00204";"PoweredOn"
"pxl1aop00012";"PoweredOn"
"pxl1ars00007";"PoweredOn"
"pxl1ars00009";"PoweredOn"
"pxl1ars00012";"PoweredOn"
"pxl1ars00013";"PoweredOn"
"pxl1big00233";"PoweredOn"
"pxl1big00238";"PoweredOn"
"pxl1cgnat014";"PoweredOn"
"pxl1gcs00004";"PoweredOn"
"PXL1GED00001";"PoweredOn"
"PXL1GED00002";"PoweredOn"
"PXL1GED00003";"PoweredOn"
"pxl1ged00004";"PoweredOn"
"pxl1ged00005";"PoweredOn"
"pxl1gmt00008";"PoweredOn"
"pxl1hpo00029";"PoweredOn"
"pxl1ipa00122";"PoweredOn"
"pxl1ipa00134";"PoweredOn"
"pxl1ise00027";"PoweredOn"
"pxl1ise00200";"PoweredOn"
"PXL1LNXET003";"PoweredOn"
"pxl1mdc00003";"PoweredOn"
"pxl1mdm00007";"PoweredOn"
"pxl1mwg00204";"PoweredOn"
"pxl1nia00034";"PoweredOn"
"pxl1nia00042";"PoweredOn"
"pxl1nia00060";"PoweredOn"
"pxl1nia00062";"PoweredOn"
"pxl1oat00003";"PoweredOn"
"pxl1obi00010";"PoweredOn"
"pxl1obi10011";"PoweredOn"
"pxl1oqmch101";"PoweredOn"
"pxl1oqmch102";"PoweredOn"
"PXL1OQMCZ313";"PoweredOn"
"pxl1pscnd047";"PoweredOn"
"pxl1src00017";"PoweredOn"
"PXL1SRCPJ036";"PoweredOn"
"pxl1sso00016";"PoweredOn"
"pxl1sso00037";"PoweredOn"
"pxl1tsm00085";"PoweredOn"
"pxl1tsm00086";"PoweredOn"
"pxl1vod00001";"PoweredOn"
"pxw0adds0006";"PoweredOn"
"pxw0php00001";"PoweredOn"
"pxw0prtmf001";"PoweredOn"
"pxw0sfs00011";"PoweredOn"
"pxw0sfs00013";"PoweredOn"
"PXW0SKYPE011";"PoweredOn"
"pxw1ged00001";"PoweredOn"
"pxw1hps00003";"PoweredOn"
"pxw1hpsm0038";"PoweredOn"
"pxw1ipa00001";"PoweredOn"
"PXW1MDCPS205";"PoweredOn"
"PXW1MDCPS206";"PoweredOn"
"PXW1MDCPS207";"PoweredOn"
"pxw1mdm00016";"PoweredOn"
"pxw1pim00004";"PoweredOn"
"pxw1pim00009";"PoweredOn"
"pxw1scb00023";"PoweredOn"
"pxw1sgi00007";"PoweredOn"
"pxw1spf00027";"PoweredOn"
"pxw1spf00037";"PoweredOn"
"pxw1spf00055";"PoweredOn"
"pxw1spf00063";"PoweredOn"
"pxw1spf00065";"PoweredOn"
"pxw1spf00067";"PoweredOn"
"pxw1spf00072";"PoweredOn"
"SR738701005";"PoweredOn"
"SR738901005";"PoweredOn"
"SR738901006";"PoweredOn"
"SR739201007";"PoweredOn"
"SR739501005";"PoweredOn"
"SVDBSA22DC00001_clone";"PoweredOn"
"svwbsa22stbpr02";"PoweredOn"
