"vmName";"vmState"
"pvmlapf002";"PoweredOn"
"PVMLOPENAM01";"PoweredOn"
"PVMLOPENAM02";"PoweredOn"
"pvmlportalbb001";"PoweredOn"
"PVMLPRXEXT001";"PoweredOn"
"pvmlspdy01";"PoweredOn"
"PVMLSPDYPILOT01";"PoweredOn"
"PVMLWWW14EXT04";"PoweredOn"
"pxl0cdn00041";"PoweredOn"
"pxl0cob00002";"PoweredOn"
"pxl0filtr002";"PoweredOn"
"pxl0midle001";"PoweredOn"
"pxl0mobpl001";"PoweredOn"
"pxl0mobpl002";"PoweredOn"
"pxl0outro029";"PoweredOn"
"pxl0plata017";"PoweredOn"
"pxl0plata023";"PoweredOn"
"pxl0plata062";"PoweredOn"
"pxl0plata068";"PoweredOn"
"pxl0plata078";"PoweredOn"
"pxl0plata079";"PoweredOn"
"pxl0proxy001";"PoweredOn"
"pxl0redex001";"PoweredOn"
"pxl0seg00004";"PoweredOn"
"pxl0www49001";"PoweredOn"
"pxl1ahs00026";"PoweredOn"
"pxl1ahs00040";"PoweredOn"
"pxl1ahs00041";"PoweredOn"
"pxl1ahs00047";"PoweredOn"
"pxl1apf10001";"PoweredOn"
"pxl1apj00026";"PoweredOn"
"pxl1apmmo003";"PoweredOn"
"PXL1ARH00007";"PoweredOn"
"pxl1bpm00010";"PoweredOn"
"pxl1bpm00014";"PoweredOn"
"pxl1crvmq006";"PoweredOn"
"pxl1del00001";"PoweredOn"
"pxl1gmtou005";"PoweredOn"
"pxl1hbk00009";"PoweredOn"
"pxl1hbk00018";"PoweredOn"
"pxl1mqs00004";"PoweredOn"
"pxl1mtp00001";"PoweredOn"
"pxl1out10022";"PoweredOn"
"pxl1psckb045";"PoweredOn"
"pxl1psckb260";"PoweredOn"
"PXL1SRCPJ005";"PoweredOn"
"pxl1sso00066";"PoweredOn"
"pxl1wbb1g054";"PoweredOn"
"pxl1wbb1g055";"PoweredOn"
"pxl1wbb1g057";"PoweredOn"
"pxl1web00002";"PoweredOn"
"pxl1wls00001";"PoweredOn"
