"vmName";"vmState"
"cxl1psckb007";"PoweredOn"
"pvmlcapf104";"PoweredOn"
"pvmlcportalbb101";"PoweredOn"
"PVMLGFTUSACD01";"PoweredOn"
"PVMLGFTUSACD02";"PoweredOn"
"pxl0caop0003";"PoweredOn"
"pxl0ccob0003";"PoweredOn"
"pxl0ccob0004";"PoweredOn"
"pxl0gftsl003";"PoweredOn"
"pxl0istbb002";"PoweredOn"
"pxl0plata090";"PoweredOn"
"pxl0plata202";"PoweredOn"
"pxl0plata219";"PoweredOn"
"pxl0plata227";"PoweredOn"
"pxl0plata264";"PoweredOn"
"pxl0plata299";"PoweredOn"
"pxl0scomp004";"PoweredOn"
"pxl1aai00004";"PoweredOn"
"pxl1apj00067";"PoweredOn"
"pxl1flxcd002";"PoweredOn"
"pxl1ged00014";"PoweredOn"
"pxl1ged00015";"PoweredOn"
"pxl1gmtou003";"PoweredOn"
"pxl1gmtou004";"PoweredOn"
"pxl1hbk00027";"PoweredOn"
"pxl1psckb064";"PoweredOn"
"pxl1psckb068";"PoweredOn"
"pxl1psckb149";"PoweredOn"
"pxl1psckb182";"PoweredOn"
"pxl1psckb185";"PoweredOn"
"pxl1srcbb228";"PoweredOn"
"PXL1SRCIN031";"PoweredOn"
"pxl1sso00060";"PoweredOn"
"pxl1wbb2b075";"PoweredOn"
"pxl1wbb2b091";"PoweredOn"
"pxl1wbb2b096";"PoweredOn"
"pxl1wbb2b104";"PoweredOn"
"pxl1wbb2b123";"PoweredOn"
"pxl1wbb2g052";"PoweredOn"
"pxl1wbb2g056";"PoweredOn"
"pxl1wbb2g060";"PoweredOn"
"pxl1web00018";"PoweredOn"
"pxl1web00501";"PoweredOn"
"pxl1wls00022";"PoweredOn"
