"vmName";"vmState"
"PVMLCABB01";"PoweredOn"
"pvmlhbk002";"PoweredOn"
"PVMLOPENAM03";"PoweredOn"
"PVMLOPENAM04";"PoweredOn"
"PVMLOPENAM06";"PoweredOn"
"pvmlportalbb001";"PoweredOn"
"PVMLWWW14EXT01";"PoweredOn"
"pxl0cdn00004";"PoweredOn"
"pxl0dwn00001n";"PoweredOn"
"pxl0outro002";"PoweredOn"
"pxl0plata002";"PoweredOn"
"pxl0plata013";"PoweredOn"
"pxl0plata041";"PoweredOn"
"pxl0plata050";"PoweredOn"
"pxl0plata052";"PoweredOn"
"pxl0plata073";"PoweredOn"
"pxl0plata076";"PoweredOn"
"pxl0plata107";"PoweredOn"
"pxl1ahs00009";"PoweredOn"
"pxl1ahs00039";"PoweredOn"
"pxl1apj00005";"PoweredOn"
"pxl1apj00009";"PoweredOn"
"pxl1crvmq006";"PoweredOn"
"pxl1ctl00001";"PoweredOn"
"pxl1gmtex015";"PoweredOn"
"pxl1gmtex016";"PoweredOn"
"pxl1out10006";"PoweredOn"
"pxl1papf0001";"PoweredOn"
"pxl1pfn00003";"PoweredOn"
"pxl1psckb108";"PoweredOn"
"pxl1psckb111";"PoweredOn"
"pxl1psckb113";"PoweredOn"
"pxl1psckb146";"PoweredOn"
"pxl1psckb262";"PoweredOn"
"pxl1psckb410__deletar_em__11_06_2020__18_36_20";"PoweredOff"
"pxl1psckb411__deletar_em__11_06_2020__18_36_20";"PoweredOff"
"pxl1psckb412__deletar_em__11_06_2020__18_36_22";"PoweredOff"
"pxl1psckb413__deletar_em__11_06_2020__18_36_19";"PoweredOff"
"pxl1psckb414__deletar_em__11_06_2020__18_36_21";"PoweredOff"
"pxl1psckb418";"PoweredOn"
"pxl1psckb419";"PoweredOn"
"pxl1psckb420";"PoweredOn"
"pxl1sso00006";"PoweredOn"
"pxl1sso00066";"PoweredOn"
"pxl1sso00067";"PoweredOn"
"pxl1wbb1g049";"PoweredOn"
"pxl1web00003";"PoweredOn"
