"vmName";"vmState"
"pvml_poc_cpwr_prod";"PoweredOn"
"PVMLAWP02";"PoweredOn"
"PVMLCA-EM01";"PoweredOn"
"pvmlcert001";"PoweredOn"
"pvmldsp03";"PoweredOn"
"pvmlgcpext01";"PoweredOn"
"pvmlhdn-18";"PoweredOn"
"PVMLMIS02";"PoweredOn"
"PVMLSSOINT07";"PoweredOn"
"PVMLTESTERHEL6";"PoweredOn"
"PVMLTIBINTRA102";"PoweredOn"
"PVMLTIBINTRA202";"PoweredOn"
"pvmlweb01";"PoweredOn"
"pvmlweb02";"PoweredOn"
"PVMW9946CSABB";"PoweredOn"
"PVMWCD01";"PoweredOn"
"pxl0ansib00001";"PoweredOn"
"pxl0aplic004";"PoweredOn"
"pxl0cdn00025";"PoweredOn"
"pxl0cdn00029";"PoweredOn"
"pxl0cmsco003";"PoweredOn"
"pxl0csirt002";"PoweredOn"
"pxl0dockr035";"PoweredOn"
"pxl0hpsm0004";"PoweredOn"
"pxl0mcmv0004";"PoweredOn"
"pxl0scrpt001";"PoweredOn"
"pxl1ahs00057";"PoweredOn"
"pxl1ahs00075";"PoweredOn"
"pxl1ahs00086";"PoweredOn"
"pxl1any00006";"PoweredOn"
"pxl1any00008";"PoweredOn"
"pxl1any00010";"PoweredOn"
"pxl1any00014";"PoweredOn"
"pxl1ars00006_New";"PoweredOn"
"pxl1aub00062";"PoweredOn"
"pxl1crm00001";"PoweredOn"
"pxl1ddm00002";"PoweredOn"
"pxl1elk00006";"PoweredOn"
"pxl1elk00013";"PoweredOn"
"pxl1fgp00004";"PoweredOn"
"pxl1fgp00015";"PoweredOn"
"pxl1gir00018";"PoweredOn"
"pxl1gir00104";"PoweredOn"
"pxl1hpo00004";"PoweredOn"
"pxl1hpo00009";"PoweredOn"
"pxl1hpo00012";"PoweredOn"
"pxl1ipa00005";"PoweredOn"
"pxl1ipa00015";"PoweredOn"
"pxl1ipa00019";"PoweredOn"
"pxl1ipa00089";"PoweredOn"
"pxl1ise00006";"PoweredOn"
"pxl1ise00040";"PoweredOn"
"pxl1ise00044";"PoweredOn"
"pxl1mdc00007";"PoweredOn"
"pxl1mqs00024";"PoweredOn"
"pxl1nia10001";"PoweredOn"
"pxl1nia20004";"PoweredOn"
"pxl1oqmcz001";"PoweredOn"
"pxl1psc00006";"PoweredOn"
"pxl1psc00008";"PoweredOn"
"pxl1psckb001";"PoweredOn"
"pxl1psckb026";"PoweredOn"
"pxl1psckb038";"PoweredOn"
"pxl1spf00001";"PoweredOn"
"pxl1src00009";"PoweredOn"
"pxl1src00010";"PoweredOn"
"PXL1SRCHB002";"PoweredOn"
"pxl1srcmo021";"PoweredOn"
"PXL1SRCPJ014";"PoweredOn"
"pxl1srm00002";"PoweredOn"
"pxl1sso00026";"PoweredOn"
"pxl1tbs00015_OLD";"PoweredOn"
"pxl1tbsbw016";"PoweredOn"
"pxl1tsm00010";"PoweredOn"
"pxl1tsm00016";"PoweredOn"
"pxl1tsmve006";"PoweredOn"
"pxl1was00009";"PoweredOn"
"pxw0itmv0004";"PoweredOn"
"pxw0mon00001";"PoweredOn"
"PXW1AMB00005";"PoweredOn"
"PXW1AMB00009";"PoweredOn"
"pxw1ceasg011";"PoweredOn"
"PXW1CEASV010";"PoweredOn"
"PXW1CEASV021";"PoweredOn"
"pxw1hpsm0004";"PoweredOn"
"pxw1spf00048";"PoweredOn"
"pxw1tsm00003";"PoweredOn"
"SRCBSA01049";"PoweredOn"
"TABSRV";"PoweredOn"
