vmName;vmState
pvmlcapj101;PoweredOn
pvmlmdbextpl01;PoweredOn
pvmlssoamc003;PoweredOn
pxl0ccob0004;PoweredOn
pxl0filtr001;PoweredOn
pxl0gftsl003;PoweredOn
pxl0plata090;PoweredOn
pxl0plata202;PoweredOn
pxl0plata211;PoweredOn
pxl0plata215;PoweredOn
pxl0plata217;PoweredOn
pxl0plata227;PoweredOn
pxl0plata247;PoweredOn
pxl0plata251;PoweredOn
pxl0plata256;PoweredOn
pxl0plata299;PoweredOn
pxl0plata310;PoweredOn
pxl0plata312;PoweredOn
pxl0scomp003;PoweredOn
pxl0scomp004;PoweredOn
pxl1aai00003;PoweredOn
pxl1aai00004;PoweredOn
pxl1aop00004;PoweredOn
pxl1apf00505_new;PoweredOn
pxl1dsp00002;PoweredOn
pxl1flxcd001;PoweredOn
pxl1flxcd002;PoweredOn
pxl1fmc00502;PoweredOn
pxl1gmtex003;PoweredOn
pxl1gmtou500;PoweredOn
pxl1hbk00007;PoweredOn
pxl1hbk00024;PoweredOn
pxl1inc00202;PoweredOn
pxl1istwl004;PoweredOn
pxl1psckb052;PoweredOn
pxl1psckb182;PoweredOn
pxl1psckb185;PoweredOn
pxl1pwnet003;PoweredOn
PXL1SRCBB232;PoweredOn
pxl1sso00013;PoweredOn
pxl1sso00014;PoweredOn
pxl1sso00020;PoweredOn
pxl1sso00048;PoweredOn
pxl1sso00059;PoweredOn
pxl1wbb2b075;PoweredOn
pxl1wbb2b107;PoweredOn
pxl1wbb2b108;PoweredOn
pxl1wbb2b109;PoweredOn
pxl1wbb2b111;PoweredOn
pxl1wbb2b112;PoweredOn
pxl1wbb2g053;PoweredOn
pxl1wbb2g056;PoweredOn
pxl1wbb2g058;PoweredOn
pxl1wbb2g064;PoweredOn
pxl1wbb2g068;PoweredOn
pxl1wbb2g069;PoweredOn
pxl1web00012;PoweredOn
pxl1web00503;PoweredOn
pxl1web00507;PoweredOn
pxl1wls00022;PoweredOn
