"vmName";"vmState"
"pvmlbd108";"PoweredOn"
"pvmlca-em";"PoweredOn"
"pvmlcatserv01";"PoweredOn"
"PVMLDNSINTRA02";"PoweredOn"
"PVMLGMT01";"PoweredOn"
"pvmlhdn-11";"PoweredOn"
"pvmlhdn-17";"PoweredOn"
"pvmlrman01";"PoweredOn"
"PVMLSECEX04";"PoweredOn"
"PVMLSPOTSERV03";"PoweredOn"
"pvmlstcomser904";"PoweredOn"
"pvmlstpr903";"PoweredOn"
"pvmltemtop07";"PoweredOn"
"pvmlvdi05";"PoweredOn"
"pvmwcpqd";"PoweredOn"
"pvmwinfra05";"PoweredOn"
"PVMWMSTRATEGY";"PoweredOn"
"PVMWSAE12";"PoweredOn"
"pxl0amh00006";"PoweredOn"
"pxl0bws00001";"PoweredOn"
"pxl0cdn00030";"PoweredOn"
"pxl0cmsco009";"PoweredOn"
"pxl0cpri0002";"PoweredOn"
"pxl0cpri0006";"PoweredOn"
"pxl0csirt001";"PoweredOn"
"pxl0dockr042";"PoweredOn"
"pxl0extws001";"PoweredOn"
"pxl0hosp0439";"PoweredOn"
"pxl0hpsm0007";"PoweredOn"
"pxl0mcmv0002";"PoweredOn"
"pxl0mon00036";"PoweredOn"
"pxl0mon00056";"PoweredOn"
"pxl0nnaut005";"PoweredOn"
"pxl0p3a00001";"PoweredOn"
"pxl0piwik101";"PoweredOn"
"pxl0piwik102";"PoweredOn"
"pxl0piwik301";"PoweredOn"
"pxl0squid110";"PoweredOn"
"pxl0vdi0001";"PoweredOn"
"pxl1ahs00063";"PoweredOn"
"pxl1ahs00064";"PoweredOn"
"pxl1ahs00084";"PoweredOn"
"pxl1alm00001";"PoweredOn"
"pxl1amb00003";"PoweredOn"
"pxl1amb00007";"PoweredOn"
"pxl1aml00024";"PoweredOn"
"pxl1aml00029";"PoweredOn"
"pxl1aub00006";"PoweredOn"
"pxl1aub00012";"PoweredOn"
"pxl1aub00018";"PoweredOn"
"pxl1aub00025";"PoweredOn"
"pxl1aub00028";"PoweredOn"
"pxl1aub00036";"PoweredOn"
"pxl1aub00041";"PoweredOn"
"pxl1aub00055";"PoweredOn"
"pxl1bpa00002";"PoweredOn"
"PXL1CEASU010";"PoweredOn"
"PXL1CEASU011";"PoweredOn"
"PXL1CEASU012";"PoweredOn"
"PXL1CEASU023";"PoweredOn"
"pxl1ddm00003";"PoweredOn"
"pxl1elk00015";"PoweredOn"
"pxl1fgp00012";"PoweredOn"
"pxl1gir00010";"PoweredOn"
"pxl1gir00012";"PoweredOn"
"pxl1hod00003";"PoweredOn"
"pxl1hpo00008";"PoweredOn"
"pxl1hpo00018";"PoweredOn"
"pxl1iga00001";"PoweredOn"
"pxl1iib00006";"PoweredOn"
"pxl1ipa00012";"PoweredOn"
"pxl1ipa00121";"PoweredOn"
"pxl1ldpod018";"PoweredOn"
"pxl1ldpod026";"PoweredOn"
"PXL1LNXET002";"PoweredOn"
"pxl1lnxsw001";"PoweredOn"
"pxl1mdm00005";"PoweredOn"
"pxl1miv00014";"PoweredOn"
"pxl1miv20001";"PoweredOn"
"pxl1miv20002";"PoweredOn"
"pxl1mqs00012";"PoweredOn"
"pxl1mqs00026";"PoweredOn"
"pxl1nia00007";"PoweredOn"
"pxl1nia00017";"PoweredOn"
"pxl1nia30001";"PoweredOn"
"pxl1nia50005";"PoweredOn"
"pxl1oqmag009";"PoweredOn"
"pxl1pdi00021";"PoweredOn"
"pxl1psc00009";"PoweredOn"
"pxl1psc00011";"PoweredOn"
"pxl1pscan101";"PoweredOn"
"pxl1psckb006";"PoweredOn"
"pxl1psckb011";"PoweredOn"
"pxl1psckb039";"PoweredOn"
"pxl1pscmo101";"PoweredOn"
"pxl1pscmo102";"PoweredOn"
"pxl1pscos101";"PoweredOn"
"pxl1sgn00254";"PoweredOn"
"PXL1SRCPJ011";"PoweredOn"
"pxl1sso00022";"PoweredOn"
"PXL1TBS00095";"PoweredOn"
"PXL1TBS00106";"PoweredOn"
"pxl1tbsbw020";"PoweredOn"
"pxl1tsm00011";"PoweredOn"
"pxl1tsm00014";"PoweredOn"
"pxl1tsm00035";"PoweredOn"
"pxl1was00001";"PoweredOn"
"pxw0aplic002";"PoweredOn"
"PXW1AMB00006";"PoweredOn"
"pxw1cea00005";"PoweredOn"
"pxw1ceasg017";"PoweredOn"
"pxw1ceasg022";"PoweredOn"
"pxw1ceasg028";"PoweredOn"
"pxw1gic00003";"PoweredOn"
"pxw1hpsm0003";"PoweredOn"
"pxw1hpsm0010";"PoweredOn"
"pxw1hyp00002";"PoweredOn"
"PXW1MDM00007";"PoweredOn"
"pxw1scb00003";"PoweredOn"
"pxw1tsm00005";"PoweredOn"
"pxw1win00006";"PoweredOn"
"pxw1win00007";"PoweredOn"
"SR738501003";"PoweredOn"
"SRCBSA01048";"PoweredOn"
"VMLGRID40";"PoweredOn"
