"VMNic";"vSwitch";"Link";"PortNo";"Device-ID";"Switch-IP";"MacAddress";"SpeedMB";"Duplex";"Pnic-Vendor"
"vmnic0";;"Up";"Ethernet1/29";"SWIC2ACCP1Q02.dispositivos.bb.com.br(FOX1827GVSP)";"192.168.54.110";"e0:07:1b:79:a3:d0";"10000";"True";"Mellanox Technologies MT27520 Family [ConnectX-3 Pro]"
"vmnic1";"vSwitch0";"Up";"GigabitEthernet1/0/5";"SWIC2OOBP1Q03.dispositivos.bb.com.br";"10.22.200.177";"48:df:37:0a:4e:f6";"1000";"True";"Intel Corporation I350 Gigabit Network Connection"
"vmnic1000002";;"Down";;;;"e0:07:1b:79:a3:d1";;;"Mellanox Technologies MT27520 Family [ConnectX-3 Pro]"
"vmnic1000302";;"Down";;;;"9c:dc:71:45:9e:81";;;"Mellanox Technologies MT27520 Family [ConnectX-3 Pro]"
"vmnic2";;"Down";;;;"48:df:37:0a:4e:f7";;;"Intel Corporation I350 Gigabit Network Connection"
"vmnic3";;"Up";"Ethernet1/29";"SWIC2ACCP1Q01.dispositivos.bb.com.br(FOX1826GFQ5)";"192.168.54.109";"9c:dc:71:45:9e:80";"10000";"True";"Mellanox Technologies MT27520 Family [ConnectX-3 Pro]"
"vmnic4";;"Down";;;;"48:df:37:0a:4f:00";;;"Intel Corporation I350 Gigabit Network Connection"
"vmnic5";;"Down";;;;"48:df:37:0a:4f:01";;;"Intel Corporation I350 Gigabit Network Connection"
