"vmName";"vmState"
"lxw0intel001";"PoweredOn"
"pvmlmcmv08";"PoweredOn"
"PVMLMIS04";"PoweredOn"
"PVMLMIS06";"PoweredOn"
"pvmlout005";"PoweredOn"
"pvmlpowervc";"PoweredOn"
"PVMLRADWARE";"PoweredOn"
"pvmlspj05";"PoweredOn"
"pvmlspotserv02";"PoweredOn"
"pvmltdi01";"PoweredOn"
"PVMLTIBINTRA401";"PoweredOn"
"pvmlvdi06";"PoweredOn"
"pvmlwikdic01";"PoweredOn"
"pvmwstmeet901";"PoweredOn"
"pxl0arcld004";"PoweredOn"
"pxl0bbage003";"PoweredOn"
"pxl0cdn00026";"PoweredOn"
"pxl0cea00004";"PoweredOn"
"pxl0cmsco010";"PoweredOn"
"PXL0COBAN004";"PoweredOn"
"pxl0conso001";"PoweredOn"
"pxl0docker001";"PoweredOn"
"pxl0fcvw0002";"PoweredOn"
"pxl0gdisp002";"PoweredOn"
"pxl0mon00007";"PoweredOn"
"pxl0scrpt001";"PoweredOn"
"pxl0tda00008";"PoweredOn"
"PXL0TRB00001";"PoweredOn"
"pxl0ucmdb004";"PoweredOn"
"pxl0wbskt001";"PoweredOn"
"pxl1ahs00052";"PoweredOn"
"pxl1ahs00085";"PoweredOn"
"pxl1aml00002";"PoweredOn"
"pxl1aml00031";"PoweredOn"
"pxl1any00009";"PoweredOn"
"pxl1apmhe001";"PoweredOn"
"pxl1apmhe006";"PoweredOn"
"pxl1apmhe027";"PoweredOn"
"pxl1ars00002";"PoweredOn"
"pxl1atc00001";"PoweredOn"
"pxl1aub00050";"PoweredOn"
"pxl1bpa00001";"PoweredOn"
"pxl1cea00003";"PoweredOn"
"PXL1CEASU009";"PoweredOn"
"PXL1CEASU025";"PoweredOn"
"pxl1dem00002";"PoweredOn"
"pxl1dem00003";"PoweredOn"
"pxl1dem00004";"PoweredOn"
"pxl1fti00001";"PoweredOn"
"pxl1gir00100";"PoweredOn"
"pxl1ipa00094";"PoweredOn"
"pxl1ipa00110";"PoweredOn"
"pxl1ipa00118";"PoweredOn"
"pxl1ipa00131";"PoweredOn"
"pxl1ise00005";"PoweredOn"
"pxl1ise00020";"PoweredOn"
"pxl1ldpod025";"PoweredOn"
"pxl1lnxkb002";"PoweredOn"
"PXL1LNXKB004";"PoweredOn"
"pxl1mdc00005";"PoweredOn"
"pxl1mdm00018";"PoweredOn"
"pxl1miv00003";"PoweredOn"
"pxl1miv10002";"PoweredOn"
"pxl1mqs00025";"PoweredOn"
"pxl1mwgestilo";"PoweredOff"
"pxl1nia40003";"PoweredOn"
"pxl1pscmg102";"PoweredOn"
"pxl1pscnd010";"PoweredOn"
"pxl1rbf00002";"PoweredOn"
"pxl1rwt00009";"PoweredOn"
"pxl1sgn00253";"PoweredOn"
"pxl1sgn00255";"PoweredOn"
"pxl1tbs00008";"PoweredOn"
"pxl1tbsbw006";"PoweredOn"
"pxl1tbsbw025";"PoweredOn"
"pxl1tsm00007";"PoweredOn"
"pxl1tsm00013";"PoweredOn"
"pxl1tsm00037";"PoweredOn"
"pxw0bb365042";"PoweredOn"
"pxw0itmv0010";"PoweredOn"
"pxw0tab00001";"PoweredOn"
"PXW1CEADG004";"PoweredOn"
"PXW1CEADV005";"PoweredOn"
"PXW1CEASU001";"PoweredOn"
"PXW1CEASV009";"PoweredOn"
"pxw1ddm00013";"PoweredOn"
"pxw1fgp00002";"PoweredOn"
"pxw1hpsm0007";"PoweredOn"
"pxw1hpsm0020";"PoweredOn"
"pxw1mdm00006";"PoweredOn"
"pxw1sib00002";"PoweredOn"
"pxw1spf00062";"PoweredOn"
"PXW1WINAD002";"PoweredOn"
"SR738101004";"PoweredOn"
"SR739501004";"PoweredOn"
"SRCBSA09048";"PoweredOn"
"SRDFSSA02_nao-deletar";"PoweredOn"
"VMLTCR37";"PoweredOn"
