"vmName";"vmState"
"php90404";"PoweredOn"
"PVMLDIPESPOTBD";"PoweredOn"
"pvmldsp04";"PoweredOn"
"PVMLGRT2";"PoweredOn"
"PVMLPILOTOCABB";"PoweredOn"
"pvmlprime30";"PoweredOn"
"PVMLRHEL5PAQ";"PoweredOn"
"pvmlscope01_restore";"PoweredOn"
"pvmlspj05";"PoweredOn"
"PVMLSPTSRVP1";"PoweredOn"
"pvmlstsip901";"PoweredOn"
"pvmlstvmgr901";"PoweredOn"
"pvmltemtop03";"PoweredOn"
"pvmlwiki04";"PoweredOn"
"pvmwtermserver";"PoweredOn"
"pvmwtracker01";"PoweredOn"
"pxl0cea00002";"PoweredOn"
"pxl0chk00001";"PoweredOn"
"pxl0piwik006";"PoweredOn"
"pxl0piwik202";"PoweredOn"
"pxl0piwik205";"PoweredOn"
"pxl0squid111";"PoweredOn"
"pxl1alm00002";"PoweredOn"
"pxl1aml00027";"PoweredOn"
"pxl1any00007";"PoweredOn"
"pxl1aub00011";"PoweredOn"
"pxl1aub00026";"PoweredOn"
"pxl1aub00054";"PoweredOn"
"pxl1aub00060";"PoweredOn"
"pxl1big00046";"PoweredOn"
"pxl1cbo00002";"PoweredOn"
"PXL1CEA00001";"PoweredOn"
"pxl1cea00013_del_30_05_2020";"PoweredOff"
"PXL1CEASU015";"PoweredOn"
"PXL1CEASU027";"PoweredOn"
"pxl1dem00001";"PoweredOn"
"pxl1flxtc001";"PoweredOn"
"pxl1hpo00020";"PoweredOn"
"pxl1hpo00028_res1103";"PoweredOn"
"pxl1ipa00003";"PoweredOn"
"pxl1ipa00016";"PoweredOn"
"pxl1ipa00108";"PoweredOn"
"pxl1ipa00150";"PoweredOn"
"pxl1ise00024";"PoweredOn"
"pxl1ise00041";"PoweredOn"
"pxl1lnxls001";"PoweredOn"
"pxl1miv00002";"PoweredOn"
"pxl1miv00019";"PoweredOn"
"pxl1plg00001";"PoweredOn"
"pxl1psc00015";"PoweredOn"
"pxl1psckb023";"PoweredOn"
"pxl1psckb207";"PoweredOn"
"pxl1psckb208";"PoweredOn"
"pxl1slg00001";"PoweredOn"
"pxl1spf00003";"PoweredOn"
"PXL1SRCMB028";"PoweredOn"
"PXL1SRCPF004";"PoweredOn"
"pxl1tbsbw003";"PoweredOn"
"pxl1tbsbw015";"PoweredOn"
"pxl1ucdag006";"PoweredOn"
"pxl1was00002";"PoweredOn"
"pxl1was00010";"PoweredOn"
"pxl1wls00016";"PoweredOn"
"PXW0EPOAG002";"PoweredOn"
"PXW0OFFICE36501";"PoweredOn"
"pxw1ceasg010";"PoweredOn"
"PXW1CEASV003";"PoweredOn"
"PXW1CEASV012";"PoweredOn"
"PXW1CEASV022";"PoweredOn"
"pxw1gpp00001";"PoweredOn"
"pxw1hpo00002";"PoweredOn"
"pxw1hpsm0006";"PoweredOn"
"pxw1mdm00009";"PoweredOn"
"pxw1tsm00006";"PoweredOn"
"SR738101002";"PoweredOn"
"SR738301001";"PoweredOn"
"SR738701003";"PoweredOn"
"SR738901003";"PoweredOn"
"SR739201001";"PoweredOn"
"SR739201002";"PoweredOn"
"SR739301002";"PoweredOn"
"SR739301003";"PoweredOn"
"SRCBSA09054";"PoweredOn"
