"vmName";"vmState"
"pvmlaplicreu";"PoweredOn"
"PVMLAWP02";"PoweredOn"
"PVMLCATUS01";"PoweredOn"
"PVMLDIPESPOT03";"PoweredOn"
"PVMLTIBCO06";"PoweredOn"
"PVMLTIBEMS005_2_IP_MOVIDO_pxl0ems00039";"PoweredOn"
"pvmlwiki02";"PoweredOn"
"pvmlwiki05 - teste";"PoweredOn"
"pxl0cmsco006";"PoweredOn"
"pxl0cpri0005";"PoweredOn"
"pxl0dmpap001";"PoweredOn"
"pxl0hosp0438";"PoweredOn"
"pxl0mon00062";"PoweredOn"
"pxl0nnmi0013";"PoweredOn"
"pxl0vmwpy001";"PoweredOn"
"pxl1ahs00049";"PoweredOn"
"pxl1ahs00057";"PoweredOn"
"pxl1apmhe023";"PoweredOn"
"pxl1aub00044";"PoweredOn"
"pxl1bpa00003";"PoweredOn"
"PXL1CEASU016";"PoweredOn"
"PXL1CEASU028";"PoweredOn"
"PXL1CEASU029";"PoweredOn"
"pxl1ctm00002";"PoweredOn"
"pxl1dts00004";"PoweredOn"
"pxl1fgp00011";"PoweredOn"
"pxl1gic00001";"PoweredOn"
"pxl1hpo00007";"PoweredOn"
"pxl1ipa00018";"PoweredOn"
"pxl1lnxdb002";"PoweredOn"
"pxl1miv00004";"PoweredOn"
"pxl1miv00014";"PoweredOn"
"pxl1miv60001";"PoweredOn"
"pxl1nia00009";"PoweredOn"
"pxl1nia00016";"PoweredOn"
"pxl1nia10001";"PoweredOn"
"pxl1nia50002";"PoweredOn"
"pxl1oqmcz001";"PoweredOn"
"pxl1oqmcz004";"PoweredOn"
"pxl1pscbg015";"PoweredOn"
"pxl1pscet101";"PoweredOn"
"pxl1psckb008";"PoweredOn"
"pxl1psckb036";"PoweredOn"
"pxl1pscnd108";"PoweredOn"
"pxl1spf00002";"PoweredOn"
"pxl1srcmo021";"PoweredOn"
"pxl1srm00002";"PoweredOn"
"pxl1sso00028";"PoweredOn"
"pxl1sso00032";"PoweredOn"
"pxw0mon00001";"PoweredOn"
"pxw1ath00004";"PoweredOn"
"pxw1ceasg006";"PoweredOn"
"PXW1CEASV007";"PoweredOn"
"pxw1gic00004";"PoweredOn"
"pxw1hpsm0009";"PoweredOn"
"pxw1hpsm0016";"PoweredOn"
"pxw1mdm00001";"PoweredOn"
"pxw1mdm00018";"PoweredOn"
"pxw1mqs00003";"PoweredOn"
"PXW1SAA00001";"PoweredOn"
"pxw1tsm00003";"PoweredOn"
"PXW1WINAD003";"PoweredOn"
"SR738301003";"PoweredOn"
