"vmName";"vmState"
"pvmlbdmanager01";"PoweredOn"
"pvmlout002";"PoweredOn"
"pvmlrtview01";"PoweredOn"
"PVMW9946SIASUL";"PoweredOn"
"PVMWMONDB201";"PoweredOn"
"pvmwmonitweb";"PoweredOn"
"pvmwpdi18";"PoweredOn"
"PVMWSEGLOG02";"PoweredOn"
"pxl0nnmi0002";"PoweredOn"
"pxl0piwik104";"PoweredOn"
"pxl0piwik302";"PoweredOn"
"pxl0spam0008";"PoweredOn"
"pxl0spam0017";"PoweredOn"
"pxl1aaiwl002";"PoweredOn"
"PXL1AMB00002";"PoweredOn"
"pxl1aub00016";"PoweredOn"
"pxl1aub00035";"PoweredOn"
"pxl1cgnat001";"PoweredOn"
"pxl1dts00001";"PoweredOn"
"pxl1flxbb001";"PoweredOn"
"pxl1gir00023";"PoweredOn"
"pxl1gir00026";"PoweredOn"
"pxl1gmtfe002";"PoweredOn"
"pxl1ipa00147";"PoweredOn"
"pxl1miv00009";"PoweredOn"
"pxl1miv00010";"PoweredOn"
"pxl1miv70001";"PoweredOn"
"pxl1rvb00132";"PoweredOn"
"pxl1rvb00133";"PoweredOn"
"pxl1spf00005";"PoweredOn"
"pxl1wls00021";"PoweredOn"
"pxw0amh00001";"PoweredOn"
"pxw0bb365044";"PoweredOn"
"pxw0bb365063";"PoweredOn"
"pxw0bb365064";"PoweredOn"
"pxw0dfsr0002";"PoweredOn"
"PXW1CEADV004";"PoweredOn"
"pxw1ddm00002";"PoweredOn"
"pxw1myq00001";"PoweredOn"
"pxw1pdi00003";"PoweredOn"
"pxw1spf00026";"PoweredOn"
"pxw1spf00042";"PoweredOn"
"pxw1spf00046";"PoweredOn"
"pxw1spf00066";"PoweredOn"
"pxw1spf00068";"PoweredOn"
"vmwcompe189";"PoweredOn"
"VMWSMH214";"PoweredOn"
