"vmName";"vmState"
"FWIC2PRIAG01";"PoweredOn"
"PVMLANTISPAM05";"PoweredOn"
"pvmldsp01";"PoweredOn"
"pvmljoom05";"PoweredOn"
"pvmljoom07";"PoweredOn"
"pvmlmcmv10";"PoweredOn"
"pvmlrca01";"PoweredOn"
"PVMLSCOB02";"PoweredOn"
"pvmlsrvintr002";"PoweredOn"
"pvmlwfc01";"PoweredOn"
"pvmlwfc05";"PoweredOn"
"PVMW9946SP1";"PoweredOn"
"PVMWCOGTM01";"PoweredOn"
"PVMWIMP01";"PoweredOn"
"PVMWSDD02";"PoweredOn"
"pxl0cmsco002";"PoweredOn"
"pxl0cmse0001";"PoweredOn"
"pxl0cpri0004";"PoweredOn"
"pxl0gst00001";"PoweredOn"
"pxl0mon00006";"PoweredOn"
"pxl0mon00039";"PoweredOn"
"pxl0mon00046";"PoweredOn"
"pxl0mon00054";"PoweredOn"
"pxl0niajp002";"PoweredOn"
"pxl0ome00001";"PoweredOn"
"pxl0piwik009";"PoweredOn"
"pxl0piwik206";"PoweredOn"
"pxl0uim00010";"PoweredOn"
"pxl0uim00011";"PoweredOn"
"pxl0wbskt002";"PoweredOn"
"pxl1ahs00076";"PoweredOn"
"pxl1aix00002";"PoweredOn"
"pxl1amb00005";"PoweredOn"
"pxl1aml00005";"PoweredOn"
"pxl1aub00003";"PoweredOn"
"pxl1aub00004";"PoweredOn"
"PXL1CEASU003";"PoweredOn"
"pxl1db200002";"PoweredOn"
"pxl1fgp00006";"PoweredOn"
"pxl1gir00004";"PoweredOn"
"pxl1gir00019";"PoweredOn"
"pxl1hpo00025";"PoweredOn"
"pxl1ims00001";"PoweredOn"
"pxl1ims00002";"PoweredOn"
"pxl1ise00009";"PoweredOn"
"pxl1ise00026";"PoweredOn"
"pxl1ldpod008";"PoweredOn"
"pxl1ldpod011";"PoweredOn"
"pxl1ldpod012";"PoweredOn"
"pxl1miv00008";"PoweredOn"
"pxl1miv00011";"PoweredOn"
"pxl1miv00019";"PoweredOn"
"pxl1miv30001";"PoweredOn"
"pxl1mwg00110";"PoweredOn"
"pxl1mwgc1005";"PoweredOn"
"pxl1nia00008";"PoweredOn"
"pxl1nia30002";"PoweredOn"
"pxl1pim00001";"PoweredOn"
"pxl1psc00007";"PoweredOn"
"pxl1psckb021";"PoweredOn"
"pxl1psckb033";"PoweredOn"
"pxl1rvb00128";"PoweredOn"
"pxl1snr00003";"PoweredOn"
"pxl1tbs00007";"PoweredOn"
"PXL1TBS00107";"PoweredOn"
"pxl1tbsbw010";"PoweredOn"
"pxl1tsm00034";"PoweredOn"
"PXW1AMB00007";"PoweredOn"
"pxw1cea00002";"PoweredOn"
"PXW1CEADV007";"PoweredOn"
"pxw1ceasg002";"PoweredOn"
"pxw1ceasg005";"PoweredOn"
"pxw1ceasg013";"PoweredOn"
"PXW1CEASV008";"PoweredOn"
"pxw1ddm00012";"PoweredOn"
"pxw1fgp00001";"PoweredOn"
"pxw1gir00001";"PoweredOn"
"PXW1IDC00015";"PoweredOn"
"pxw1mdm00008";"PoweredOn"
"pxw1spf00032";"PoweredOn"
"PXW1WINWU001";"PoweredOn"
"SR739201003";"PoweredOn"
"srdfcac01";"PoweredOn"
"VMWPSTAW2";"PoweredOn"
