Column1;Column2;Column3;Column4;Column5;Column6;Column7
Name;State;Status;Provisioned Space;Used Space;Host CPU;Host Mem
dxl0disat001;Powered On;Normal;42.11 GB;42.11 GB;22 MHz;1.88 GB
hvmlhspdb2_procon_hml__deletar_em__20_08_2020__18_42_14;Powered Off;Normal;719.22 GB;687 GB;0 Hz;0 B
PVML-HOSP002;Powered On;Normal;571.25 GB;567.79 GB;176 MHz;11.25 GB
PVML-HOSP012;Powered On;Normal;98.11 GB;13.38 GB;22 MHz;983 MB
PVML-HOSP016;Powered On;Normal;94.12 GB;27.83 GB;22 MHz;1.03 GB
PVML-HOSP019;Powered On;Normal;326.12 GB;37.67 GB;22 MHz;3.28 GB
PVML-HOSP027;Powered On;Normal;326.11 GB;322.49 GB;44 MHz;1.47 GB
pvml-hosp118;Powered On;Normal;223.12 GB;223.12 GB;44 MHz;2.76 GB
pvml-hosp141;Powered On;Normal;342.11 GB;342.11 GB;66 MHz;4.42 GB
pvmlgtdigov02;Powered On;Normal;292.12 GB;292.12 GB;44 MHz;1.82 GB
pvmlhosp132;Powered On;Normal;94.11 GB;94.11 GB;44 MHz;1.36 GB
pvmlhosp137;Powered On;Normal;94.11 GB;94.11 GB;22 MHz;3.79 GB
pvmlprocon01__deletar_em__20_08_2020__18_45_05;Powered Off;Normal;418.23 GB;290 GB;0 Hz;0 B
PVMW9946DF3;Powered On;Normal;53.11 GB;53.11 GB;528 MHz;2.83 GB
PVMW9946SACSP;Powered On;Normal;52.11 GB;52.04 GB;506 MHz;1.98 GB
pxl0cosmo001;Powered On;Normal;294.12 GB;294.12 GB;44 MHz;2.8 GB
pxl0disin003;Powered On;Normal;244.12 GB;244.12 GB;264 MHz;3.84 GB
pxl0gtucp001;Powered On;Normal;203.11 GB;203.11 GB;22 MHz;1.3 GB
pxl0hdprt005;Powered On;Normal;91.11 GB;91.11 GB;132 MHz;5.87 GB
pxl0hdprt006;Powered On;Normal;91.11 GB;91.11 GB;44 MHz;4.86 GB
pxl0hosp0029;Powered On;Normal;352.11 GB;352.11 GB;44 MHz;3.33 GB
pxl0hosp0030;Powered On;Normal;352.11 GB;352.11 GB;44 MHz;2.45 GB
pxl0hosp0042;Powered On;Normal;316.11 GB;316.11 GB;44 MHz;9.06 GB
pxl0hosp0044;Powered On;Normal;158.12 GB;158.12 GB;44 MHz;1.27 GB
pxl0hosp0051;Powered On;Normal;329.11 GB;329.11 GB;22 MHz;2.08 GB
pxl0hosp0053;Powered On;Normal;111.11 GB;111.11 GB;66 MHz;1.96 GB
pxl0hosp0058;Powered On;Normal;216.11 GB;216.11 GB;0 Hz;3.74 GB
pxl0hosp0126;Powered On;Normal;347.11 GB;347.11 GB;88 MHz;3.41 GB
pxl0hosp0146;Powered On;Normal;347.12 GB;347.12 GB;418 MHz;8.46 GB
pxl0hosp0177;Powered On;Normal;121.12 GB;121.12 GB;132 MHz;2.73 GB
pxl0hosp0199;Powered On;Normal;352.12 GB;352.12 GB;110 MHz;5.17 GB
pxl0hosp0202_restore;Powered Off;Normal;343.19 GB;335 GB;0 Hz;0 B
pxl0hosp0204;Powered On;Normal;1.52 TB;1.52 TB;22 MHz;3.54 GB
pxl0hosp0205;Powered On;Normal;94.11 GB;94.11 GB;44 MHz;3.81 GB
pxl0hosp0207;Powered On;Normal;316.12 GB;316.12 GB;88 MHz;3.1 GB
pxl0hosp0211;Powered On;Normal;308.11 GB;308.11 GB;44 MHz;6.28 GB
pxl0hosp0214;Powered On;Normal;108.12 GB;108.12 GB;44 MHz;1.4 GB
pxl0hosp0217;Powered On;Normal;348.12 GB;348.12 GB;66 MHz;4.34 GB
pxl0hosp0227;Powered On;Normal;98.11 GB;98.11 GB;44 MHz;1.53 GB
pxl0hosp0231;Powered On;Normal;308.12 GB;308.12 GB;44 MHz;2.36 GB
pxl0hosp0250;Powered On;Normal;208.12 GB;208.12 GB;44 MHz;1.62 GB
pxl0hosp0251;Powered On;Normal;108.11 GB;108.11 GB;66 MHz;6.91 GB
pxl0hosp0255;Powered On;Normal;48.11 GB;48.11 GB;66 MHz;3.45 GB
pxl0hosp0256;Powered On;Normal;308.12 GB;308.12 GB;22 MHz;7.83 GB
pxl0hosp0302;Powered On;Normal;46.11 GB;46.11 GB;44 MHz;6.1 GB
pxl0hosp0306;Powered On;Normal;316.11 GB;316.11 GB;22 MHz;1.09 GB
pxl0hosp0322;Powered On;Normal;362.13 GB;362.13 GB;88 MHz;5.94 GB
pxl0hosp0327;Powered On;Normal;308.12 GB;308.12 GB;44 MHz;1.6 GB
pxl0hosp0388-APAGAR-20200720-RESTORE-SEM-USO;Powered Off;Normal;286.2 GB;270 GB;0 Hz;0 B
pxl0hosp0406;Powered On;Normal;129.11 GB;129.11 GB;0 Hz;2.36 GB
pxl0hosp0412_NaoLigar;Powered Off;Normal;126.22 GB;82.82 GB;0 Hz;0 B
pxl0hosp0428_new;Powered On;Normal;128.11 GB;128.11 GB;22 MHz;996 MB
pxl0hosp0504;Powered On;Normal;89.61 GB;89.61 GB;110 MHz;2.5 GB
pxl0hosp0528;Powered On;Normal;76.61 GB;76.61 GB;198 MHz;3.79 GB
pxl0hosp0575;Powered On;Normal;55.62 GB;55.62 GB;22 MHz;2.23 GB
pxl0hosp0589;Powered On;Normal;351.11 GB;351.11 GB;88 MHz;7.21 GB
pxl0hosp0591;Powered On;Normal;339.12 GB;339.12 GB;132 MHz;3.56 GB
pxl0hosp0592;Powered On;Normal;141.12 GB;141.12 GB;44 MHz;7.77 GB
pxl0hosp0593__deletar_em__29_01_2020__14_54_27;Powered Off;Normal;351.2 GB;335 GB;0 Hz;0 B
pxl0hosp0598;Powered On;Normal;190.62 GB;190.62 GB;176 MHz;2.4 GB
pxl0hosp0600;Powered On;Normal;543.12 GB;543.12 GB;22 MHz;4.24 GB
pxl0hosp0601;Powered On;Normal;843.12 GB;843.12 GB;616 MHz;3.77 GB
pxl0hosp0608;Powered On;Normal;343.11 GB;343.11 GB;88 MHz;2.73 GB
pxl0hosp0610;Powered On;Normal;33.11 GB;33.11 GB;110 MHz;2.37 GB
pxl0hosp0613;Powered On;Normal;343.11 GB;343.11 GB;22 MHz;4.83 GB
pxl0hosp0614;Powered On;Normal;343.11 GB;343.11 GB;22 MHz;3.53 GB
pxl0hosp0627;Powered On;Normal;343.11 GB;343.11 GB;22 MHz;4 GB
pxl0hosp0639;Powered On;Normal;55.61 GB;55.61 GB;66 MHz;1.99 GB
pxl0hosp0663;Powered On;Normal;133.11 GB;133.11 GB;22 MHz;3.21 GB
pxl1tsm00044;Powered On;Normal;126.61 GB;126.61 GB;66 MHz;14.62 GB
pxl1tsmve014;Powered On;Normal;58.13 GB;58.13 GB;66 MHz;1.89 GB
pxl1tsmve015;Powered On;Normal;58.12 GB;58.12 GB;44 MHz;1.88 GB
pxl1tsmve017;Powered On;Normal;58.13 GB;58.13 GB;44 MHz;1.86 GB
pxw0hosp0060;Powered On;Normal;391.12 GB;391.12 GB;198 MHz;6.07 GB
pxw0hosp0061;Powered On;Normal;391.12 GB;76.22 GB;198 MHz;4.37 GB
pxw0hosp0068;Powered On;Normal;363.11 GB;363.11 GB;1.01 GHz;7.89 GB
pxw0hosp0070;Powered On;Normal;423.11 GB;423.11 GB;352 MHz;7.85 GB
pxw0hosp0077;Powered On;Normal;100.62 GB;100.62 GB;154 MHz;6.88 GB
pxw0hosp0080;Powered On;Normal;181.11 GB;181.11 GB;110 MHz;4.11 GB
srdferwin01;Powered On;Normal;553.11 GB;553.11 GB;506 MHz;6.89 GB
