"vmName";"vmState"
"pvmlcapf104";"PoweredOn"
"pvmlcportalbb102";"PoweredOn"
"PVMLGFTUSACD01";"PoweredOn"
"pvmlhbrweb001";"PoweredOn"
"pvmlmdb05";"PoweredOn"
"pvmlmdb06";"PoweredOn"
"pvmlmdbintcd01";"PoweredOn"
"pvmlssoamc004";"PoweredOn"
"pxl0apmfo002";"PoweredOn"
"pxl0colig500";"PoweredOn"
"pxl0gftsl003";"PoweredOn"
"pxl0gftsl004";"PoweredOn"
"PXL0HBKCD001";"PoweredOn"
"pxl0istbb001";"PoweredOn"
"pxl0istbb004";"PoweredOn"
"pxl0istbb005";"PoweredOn"
"pxl0outro016";"PoweredOn"
"pxl0outro017";"PoweredOn"
"pxl0plata209";"PoweredOn"
"pxl0plata214";"PoweredOn"
"pxl0plata279";"PoweredOn"
"pxl0plata305";"PoweredOn"
"pxl0porcd003";"PoweredOn"
"pxl1apf00500";"PoweredOn"
"pxl1apj00160";"PoweredOn"
"pxl1apj00161";"PoweredOn"
"pxl1apj00163";"PoweredOn"
"pxl1apj00165";"PoweredOn"
"pxl1apj00168";"PoweredOn"
"pxl1apj00169";"PoweredOn"
"pxl1apj00170";"PoweredOn"
"pxl1apj00172";"PoweredOn"
"pxl1apj00174";"PoweredOn"
"pxl1apj00178";"PoweredOn"
"pxl1apj00179";"PoweredOn"
"pxl1apj00181";"PoweredOn"
"pxl1apj00503";"PoweredOn"
"pxl1ccob0001";"PoweredOn"
"pxl1cseg0001";"PoweredOn"
"pxl1cseg0002";"PoweredOn"
"pxl1dsp00002";"PoweredOn"
"pxl1flxsr002";"PoweredOn"
"pxl1flxtc002";"PoweredOn"
"pxl1ged10006";"PoweredOn"
"pxl1gmtou004";"PoweredOn"
"pxl1gmtou015";"PoweredOn"
"pxl1hbk00024";"PoweredOn"
"pxl1inc00201";"PoweredOn"
"pxl1psckb052";"PoweredOn"
"pxl1psckb065";"PoweredOn"
"pxl1psckb068";"PoweredOn"
"pxl1psx00004";"PoweredOn"
"pxl1sso00011";"PoweredOn"
"pxl1sso00012";"PoweredOn"
"pxl1sso00020";"PoweredOn"
"pxl1sso00060";"PoweredOn"
"pxl1sso00068";"PoweredOn"
"pxl1wbb2b011";"PoweredOn"
"pxl1wbb2b054";"PoweredOn"
"pxl1wbb2b072";"PoweredOn"
"pxl1wbb2b079";"PoweredOn"
"pxl1wbb2b087";"PoweredOn"
"pxl1wbb2g052";"PoweredOn"
"pxl1wbb2g062";"PoweredOn"
"pxl1wbb2g065";"PoweredOn"
"pxl1wbb2g066";"PoweredOn"
"pxl1web00502";"PoweredOn"
"pxl1web00508";"PoweredOn"
"pxl1wls00015";"PoweredOn"
