"vmName";"vmState"
"cxl1psckb005";"PoweredOn"
"cxl1psckb008";"PoweredOn"
"pvmlcapf102";"PoweredOn"
"pvmlcportalbb101";"PoweredOn"
"pxl0istbb002";"PoweredOn"
"pxl0plata216";"PoweredOn"
"pxl0plata226";"PoweredOn"
"pxl0plata250";"PoweredOn"
"pxl0plata252";"PoweredOn"
"pxl0plata264";"PoweredOn"
"pxl0plata267";"PoweredOn"
"pxl0plata269";"PoweredOn"
"pxl0plata275";"PoweredOn"
"pxl1aaiwl004";"PoweredOn"
"pxl1apj00058";"PoweredOn"
"pxl1apj00082";"PoweredOn"
"pxl1apj2p007";"PoweredOn"
"pxl1ccob0002";"PoweredOn"
"pxl1cpapj102";"PoweredOff"
"pxl1gmtou013";"PoweredOn"
"pxl1hbk00008";"PoweredOn"
"pxl1istwl003";"PoweredOn"
"pxl1psckb062";"PoweredOn"
"pxl1psckb067";"PoweredOn"
"pxl1psckb184";"PoweredOn"
"pxl1psckb186";"PoweredOn"
"pxl1srcbb228";"PoweredOn"
"pxl1wbb2b101";"PoweredOn"
"pxl1wbb2b102";"PoweredOn"
"pxl1wbb2b103";"PoweredOn"
"pxl1wbb2b105";"PoweredOn"
"pxl1wbb2b106";"PoweredOn"
"pxl1wbb2g051";"PoweredOn"
"pxl1wbb2g054";"PoweredOn"
"pxl1wbb2g059";"PoweredOn"
"pxl1wbb2g061";"PoweredOn"
"pxl1web00501";"PoweredOn"
"pxl1web00505";"PoweredOn"
