"VM";"Com Compat";"Sem Compat"
"pxl1ldpod022";"xvh001 xvh002 xvh003 xvh004 xvh005 xvh006 xvh007 xvh008 xvh009 xvh010 xvh011 xvh012 xvh013 xvh014 xvh015 xvh016 xvh017 xvh018 xvh019 xvh032 xvh052 xvh054";"xvh038 xvh053"
"pxl0cgi00001";"xvh001 xvh002 xvh003 xvh004 xvh005 xvh006 xvh007 xvh008 xvh009 xvh010 xvh011 xvh012 xvh013 xvh014 xvh015 xvh016 xvh017 xvh018 xvh019 xvh032 xvh038 xvh052 xvh053 xvh054";""
"pxl0spam0008";"xvh001 xvh002 xvh003 xvh004 xvh005 xvh006 xvh007 xvh008 xvh009 xvh010 xvh011 xvh012 xvh013 xvh014 xvh015 xvh016 xvh017 xvh018 xvh019 xvh032 xvh052 xvh054";"xvh038 xvh053"
"pxl1apmco002";"xvh001 xvh002 xvh003 xvh004 xvh005 xvh006 xvh007 xvh008 xvh009 xvh010 xvh011 xvh012 xvh013 xvh014 xvh015 xvh016 xvh017 xvh018 xvh019 xvh032 xvh038 xvh052 xvh053 xvh054";""
"pxw1ceasg003";"xvh001 xvh002 xvh003 xvh004 xvh005 xvh006 xvh007 xvh008 xvh009 xvh010 xvh011 xvh012 xvh013 xvh014 xvh015 xvh016 xvh017 xvh018 xvh019";"xvh032 xvh038 xvh052 xvh053 xvh054"
"pxl1miv50002";"xvh001 xvh002 xvh003 xvh004 xvh005 xvh006 xvh007 xvh008 xvh009 xvh010 xvh011 xvh012 xvh013 xvh014 xvh015 xvh016 xvh017 xvh018 xvh019 xvh032 xvh052 xvh054";"xvh038 xvh053"
"pxl0dashb001_new";"xvh001 xvh002 xvh003 xvh004 xvh005 xvh006 xvh007 xvh008 xvh009 xvh010 xvh011 xvh012 xvh013 xvh014 xvh015 xvh016 xvh017 xvh018 xvh019 xvh032 xvh038 xvh052 xvh053 xvh054";""
"pxl0tda00005";"xvh001 xvh002 xvh003 xvh004 xvh005 xvh006 xvh007 xvh008 xvh009 xvh010 xvh011 xvh012 xvh013 xvh014 xvh015 xvh016 xvh017 xvh018 xvh019 xvh032 xvh052 xvh054";"xvh038 xvh053"
"pxl1was00004";"xvh001 xvh002 xvh003 xvh004 xvh005 xvh006 xvh007 xvh008 xvh009 xvh010 xvh011 xvh012 xvh013 xvh014 xvh015 xvh016 xvh017 xvh018 xvh019 xvh032 xvh038 xvh052 xvh053 xvh054";""
"pxl1bdh00007";"xvh001 xvh002 xvh003 xvh004 xvh005 xvh006 xvh007 xvh008 xvh009 xvh010 xvh011 xvh012 xvh013 xvh014 xvh015 xvh016 xvh017 xvh018 xvh019 xvh032 xvh038 xvh052 xvh053 xvh054";""
"pxl1aub00051";"xvh001 xvh002 xvh003 xvh004 xvh005 xvh006 xvh007 xvh008 xvh009 xvh010 xvh011 xvh012 xvh013 xvh014 xvh015 xvh016 xvh017 xvh018 xvh019 xvh032 xvh038 xvh052 xvh053 xvh054";""
"pxl1ise00039";"xvh001 xvh002 xvh003 xvh004 xvh005 xvh006 xvh007 xvh008 xvh009 xvh010 xvh011 xvh012 xvh013 xvh014 xvh015 xvh016 xvh017 xvh018 xvh019 xvh032 xvh052 xvh054";"xvh038 xvh053"
"pvmlstmprx001";"xvh001 xvh002 xvh003 xvh004 xvh005 xvh006 xvh007 xvh008 xvh009 xvh010 xvh011 xvh012 xvh013 xvh014 xvh015 xvh016 xvh017 xvh018 xvh019 xvh032 xvh038 xvh052 xvh053 xvh054";""
"pvmlblqcent04_new";"xvh001 xvh002 xvh003 xvh004 xvh005 xvh006 xvh007 xvh008 xvh009 xvh010 xvh011 xvh012 xvh013 xvh014 xvh015 xvh016 xvh017 xvh018 xvh019 xvh032 xvh052 xvh054";"xvh038 xvh053"
"pxw1gic00003";"xvh001 xvh002 xvh003 xvh004 xvh005 xvh006 xvh007 xvh008 xvh009 xvh010 xvh011 xvh012 xvh013 xvh014 xvh015 xvh016 xvh017 xvh018 xvh019 xvh032 xvh052 xvh054";"xvh038 xvh053"
"PVMLDMGRPILOTOS";"xvh001 xvh002 xvh003 xvh004 xvh005 xvh006 xvh007 xvh008 xvh009 xvh010 xvh011 xvh012 xvh013 xvh014 xvh015 xvh016 xvh017 xvh018 xvh019";"xvh032 xvh038 xvh052 xvh053 xvh054"
"pvmlintra205";"xvh001 xvh002 xvh003 xvh004 xvh005 xvh006 xvh007 xvh008 xvh009 xvh010 xvh011 xvh012 xvh013 xvh014 xvh015 xvh016 xvh017 xvh018 xvh019 xvh032 xvh038 xvh052 xvh053 xvh054";""
"PVMLVIPST01";"xvh001 xvh002 xvh003 xvh004 xvh005 xvh006 xvh007 xvh008 xvh009 xvh010 xvh011 xvh012 xvh013 xvh014 xvh015 xvh016 xvh017 xvh018 xvh019 xvh032 xvh052 xvh054";"xvh038 xvh053"
"pxl1ipa03001";"xvh001 xvh002 xvh003 xvh004 xvh005 xvh006 xvh007 xvh008 xvh009 xvh010 xvh011 xvh012 xvh013 xvh014 xvh015 xvh016 xvh017 xvh018 xvh019 xvh032 xvh052 xvh054";"xvh038 xvh053"
"pxl0docker003";"xvh001 xvh002 xvh003 xvh004 xvh005 xvh006 xvh007 xvh008 xvh009 xvh010 xvh011 xvh012 xvh013 xvh014 xvh015 xvh016 xvh017 xvh018 xvh019 xvh032 xvh052 xvh054";"xvh038 xvh053"
"pxw1hpsm0017";"xvh001 xvh002 xvh003 xvh004 xvh005 xvh006 xvh007 xvh008 xvh009 xvh010 xvh011 xvh012 xvh013 xvh014 xvh015 xvh016 xvh017 xvh018 xvh019 xvh032 xvh052 xvh054";"xvh038 xvh053"
"pxl0uim00003";"xvh001 xvh002 xvh003 xvh004 xvh005 xvh006 xvh007 xvh008 xvh009 xvh010 xvh011 xvh012 xvh013 xvh014 xvh015 xvh016 xvh017 xvh018 xvh019 xvh032 xvh038 xvh052 xvh053 xvh054";""
"pxl1apm00006";"xvh001 xvh002 xvh003 xvh004 xvh005 xvh006 xvh007 xvh008 xvh009 xvh010 xvh011 xvh012 xvh013 xvh014 xvh015 xvh016 xvh017 xvh018 xvh019 xvh032 xvh052 xvh054";"xvh038 xvh053"
"pxl1tsm00030";"xvh001 xvh002 xvh003 xvh004 xvh005 xvh006 xvh007 xvh008 xvh009 xvh010 xvh011 xvh012 xvh013 xvh014 xvh015 xvh016 xvh017 xvh018 xvh019 xvh032 xvh038 xvh052 xvh053 xvh054";""
"pxl1ipa00115";"xvh001 xvh002 xvh003 xvh004 xvh005 xvh006 xvh007 xvh008 xvh009 xvh010 xvh011 xvh012 xvh013 xvh014 xvh015 xvh016 xvh017 xvh018 xvh019 xvh032 xvh038 xvh052 xvh053 xvh054";""
"pxw1win00008";"xvh001 xvh002 xvh003 xvh004 xvh005 xvh006 xvh007 xvh008 xvh009 xvh010 xvh011 xvh012 xvh013 xvh014 xvh015 xvh016 xvh017 xvh018 xvh019 xvh032 xvh038 xvh052 xvh053 xvh054";""
"PXW1WINAD001";"xvh001 xvh002 xvh003 xvh004 xvh005 xvh006 xvh007 xvh008 xvh009 xvh010 xvh011 xvh012 xvh013 xvh014 xvh015 xvh016 xvh017 xvh018 xvh019 xvh032 xvh052 xvh054";"xvh038 xvh053"
"pxw1ceasg015";"xvh001 xvh002 xvh003 xvh004 xvh005 xvh006 xvh007 xvh008 xvh009 xvh010 xvh011 xvh012 xvh013 xvh014 xvh015 xvh016 xvh017 xvh018 xvh019";"xvh032 xvh038 xvh052 xvh053 xvh054"
"pxl1fgp00019";"xvh001 xvh002 xvh003 xvh004 xvh005 xvh006 xvh007 xvh008 xvh009 xvh010 xvh011 xvh012 xvh013 xvh014 xvh015 xvh016 xvh017 xvh018 xvh019 xvh032 xvh038 xvh052 xvh053 xvh054";""
"pxl1ath00003";"xvh001 xvh002 xvh003 xvh004 xvh005 xvh006 xvh007 xvh008 xvh009 xvh010 xvh011 xvh012 xvh013 xvh014 xvh015 xvh016 xvh017 xvh018 xvh019 xvh032 xvh038 xvh052 xvh053 xvh054";""
"pxl1ucdag005";"xvh001 xvh002 xvh003 xvh004 xvh005 xvh006 xvh007 xvh008 xvh009 xvh010 xvh011 xvh012 xvh013 xvh014 xvh015 xvh016 xvh017 xvh018 xvh019 xvh032 xvh052 xvh054";"xvh038 xvh053"
"PXW1DDM00014";"xvh001 xvh002 xvh003 xvh004 xvh005 xvh006 xvh007 xvh008 xvh009 xvh010 xvh011 xvh012 xvh013 xvh014 xvh015 xvh016 xvh017 xvh018 xvh019 xvh032 xvh052 xvh054";"xvh038 xvh053"
"pxl0nsmas02";"xvh001 xvh002 xvh003 xvh004 xvh005 xvh006 xvh007 xvh008 xvh009 xvh010 xvh011 xvh012 xvh013 xvh014 xvh015 xvh016 xvh017 xvh018 xvh019 xvh032 xvh038 xvh052 xvh053 xvh054";""
"PVMLTIBCOBAN01";"xvh001 xvh002 xvh003 xvh004 xvh005 xvh006 xvh007 xvh008 xvh009 xvh010 xvh011 xvh012 xvh013 xvh014 xvh015 xvh016 xvh017 xvh018 xvh019 xvh032 xvh038 xvh052 xvh053 xvh054";""
"pxl1mdctr004";"xvh001 xvh002 xvh003 xvh004 xvh005 xvh006 xvh007 xvh008 xvh009 xvh010 xvh011 xvh012 xvh013 xvh014 xvh015 xvh016 xvh017 xvh018 xvh019 xvh032 xvh038 xvh052 xvh053 xvh054";""
"pxl1aub00046";"xvh001 xvh002 xvh003 xvh004 xvh005 xvh006 xvh007 xvh008 xvh009 xvh010 xvh011 xvh012 xvh013 xvh014 xvh015 xvh016 xvh017 xvh018 xvh019 xvh032 xvh038 xvh052 xvh053 xvh054";""
"PXL1TBS00103";"xvh001 xvh002 xvh003 xvh004 xvh005 xvh006 xvh007 xvh008 xvh009 xvh010 xvh011 xvh012 xvh013 xvh014 xvh015 xvh016 xvh017 xvh018 xvh019 xvh032 xvh038 xvh052 xvh053 xvh054";""
"pxw1ctm00001";"xvh001 xvh002 xvh003 xvh004 xvh005 xvh006 xvh007 xvh008 xvh009 xvh010 xvh011 xvh012 xvh013 xvh014 xvh015 xvh016 xvh017 xvh018 xvh019 xvh032 xvh038 xvh052 xvh053 xvh054";""
"pxl1tbsbw008";"xvh001 xvh002 xvh003 xvh004 xvh005 xvh006 xvh007 xvh008 xvh009 xvh010 xvh011 xvh012 xvh013 xvh014 xvh015 xvh016 xvh017 xvh018 xvh019 xvh032 xvh038 xvh052 xvh053 xvh054";""
"pxl0ems00004";"xvh001 xvh002 xvh003 xvh004 xvh005 xvh006 xvh007 xvh008 xvh009 xvh010 xvh011 xvh012 xvh013 xvh014 xvh015 xvh016 xvh017 xvh018 xvh019 xvh032 xvh038 xvh052 xvh053 xvh054";""
"pxl1cbo00001";"xvh001 xvh002 xvh003 xvh004 xvh005 xvh006 xvh007 xvh008 xvh009 xvh010 xvh011 xvh012 xvh013 xvh014 xvh015 xvh016 xvh017 xvh018 xvh019 xvh032 xvh052 xvh054";"xvh038 xvh053"
"pxw1mqs00002";"xvh001 xvh002 xvh003 xvh004 xvh005 xvh006 xvh007 xvh008 xvh009 xvh010 xvh011 xvh012 xvh013 xvh014 xvh015 xvh016 xvh017 xvh018 xvh019 xvh032 xvh038 xvh052 xvh053 xvh054";""
"pxl0amh00004";"xvh001 xvh002 xvh003 xvh004 xvh005 xvh006 xvh007 xvh008 xvh009 xvh010 xvh011 xvh012 xvh013 xvh014 xvh015 xvh016 xvh017 xvh018 xvh019 xvh032 xvh038 xvh052 xvh053 xvh054";""
"pxl1pscmg101";"xvh001 xvh002 xvh003 xvh004 xvh005 xvh006 xvh007 xvh008 xvh009 xvh010 xvh011 xvh012 xvh013 xvh014 xvh015 xvh016 xvh017 xvh018 xvh019 xvh032 xvh038 xvh052 xvh053 xvh054";""
"pxl1mqs00001";"xvh001 xvh002 xvh003 xvh004 xvh005 xvh006 xvh007 xvh008 xvh009 xvh010 xvh011 xvh012 xvh013 xvh014 xvh015 xvh016 xvh017 xvh018 xvh019 xvh032 xvh038 xvh052 xvh053 xvh054";""
"pxl1gir00021";"xvh001 xvh002 xvh003 xvh004 xvh005 xvh006 xvh007 xvh008 xvh009 xvh010 xvh011 xvh012 xvh013 xvh014 xvh015 xvh016 xvh017 xvh018 xvh019 xvh032 xvh052 xvh054";"xvh038 xvh053"
"pxl1tbs00075";"xvh001 xvh002 xvh003 xvh004 xvh005 xvh006 xvh007 xvh008 xvh009 xvh010 xvh011 xvh012 xvh013 xvh014 xvh015 xvh016 xvh017 xvh018 xvh019 xvh032 xvh038 xvh052 xvh053 xvh054";""
"pxl0cmsco014";"xvh001 xvh002 xvh003 xvh004 xvh005 xvh006 xvh007 xvh008 xvh009 xvh010 xvh011 xvh012 xvh013 xvh014 xvh015 xvh016 xvh017 xvh018 xvh019";"xvh032 xvh038 xvh052 xvh053 xvh054"
"pxl1psc00010";"xvh001 xvh002 xvh003 xvh004 xvh005 xvh006 xvh007 xvh008 xvh009 xvh010 xvh011 xvh012 xvh013 xvh014 xvh015 xvh016 xvh017 xvh018 xvh019";"xvh032 xvh038 xvh052 xvh053 xvh054"
"pxl1gir00008";"xvh001 xvh002 xvh003 xvh004 xvh005 xvh006 xvh007 xvh008 xvh009 xvh010 xvh011 xvh012 xvh013 xvh014 xvh015 xvh016 xvh017 xvh018 xvh019 xvh032 xvh052 xvh054";"xvh038 xvh053"
"pxl1tbsbe002";"xvh001 xvh002 xvh003 xvh004 xvh005 xvh006 xvh007 xvh008 xvh009 xvh010 xvh011 xvh012 xvh013 xvh014 xvh015 xvh016 xvh017 xvh018 xvh019 xvh032 xvh038 xvh052 xvh053 xvh054";""
"pvmltabsrv01";"xvh001 xvh002 xvh003 xvh004 xvh005 xvh006 xvh007 xvh008 xvh009 xvh010 xvh011 xvh012 xvh013 xvh014 xvh015 xvh016 xvh017 xvh018 xvh019 xvh032 xvh038 xvh052 xvh053 xvh054";""
"pxw1ceasg014";"xvh001 xvh002 xvh003 xvh004 xvh005 xvh006 xvh007 xvh008 xvh009 xvh010 xvh011 xvh012 xvh013 xvh014 xvh015 xvh016 xvh017 xvh018 xvh019";"xvh032 xvh038 xvh052 xvh053 xvh054"
"pxl1aub00019";"xvh001 xvh002 xvh003 xvh004 xvh005 xvh006 xvh007 xvh008 xvh009 xvh010 xvh011 xvh012 xvh013 xvh014 xvh015 xvh016 xvh017 xvh018 xvh019 xvh032 xvh038 xvh052 xvh053 xvh054";""
"pxl1hpo00057";"xvh001 xvh002 xvh003 xvh004 xvh005 xvh006 xvh007 xvh008 xvh009 xvh010 xvh011 xvh012 xvh013 xvh014 xvh015 xvh016 xvh017 xvh018 xvh019 xvh032 xvh038 xvh052 xvh053 xvh054";""
"PXL1CEASU017";"xvh001 xvh002 xvh003 xvh004 xvh005 xvh006 xvh007 xvh008 xvh009 xvh010 xvh011 xvh012 xvh013 xvh014 xvh015 xvh016 xvh017 xvh018 xvh019 xvh032 xvh038 xvh052 xvh053 xvh054";""
"PVMLINTRA001S";"xvh001 xvh002 xvh003 xvh004 xvh005 xvh006 xvh007 xvh008 xvh009 xvh010 xvh011 xvh012 xvh013 xvh014 xvh015 xvh016 xvh017 xvh018 xvh019";"xvh032 xvh038 xvh052 xvh053 xvh054"
"pxl0vcscint04";"xvh001 xvh002 xvh003 xvh004 xvh005 xvh006 xvh007 xvh008 xvh009 xvh010 xvh011 xvh012 xvh013 xvh014 xvh015 xvh016 xvh017 xvh018 xvh019";"xvh032 xvh038 xvh052 xvh053 xvh054"
"Cisco-CSR-1000V-Cloud-Services-Router";"xvh013 xvh014 xvh015 xvh016 xvh017 xvh018 xvh019 xvh032 xvh038 xvh052 xvh053 xvh054";"xvh001 xvh002 xvh003 xvh004 xvh005 xvh006 xvh007 xvh008 xvh009 xvh010 xvh011 xvh012"
"pxl0vpsmi001_new";"xvh013 xvh014 xvh015 xvh016 xvh017 xvh018 xvh019";"xvh001 xvh002 xvh003 xvh004 xvh005 xvh006 xvh007 xvh008 xvh009 xvh010 xvh011 xvh012 xvh032 xvh038 xvh052 xvh053 xvh054"
"pxl1psc00014";"xvh001 xvh002 xvh003 xvh004 xvh005 xvh006 xvh007 xvh008 xvh009 xvh010 xvh011 xvh012 xvh013 xvh014 xvh015 xvh016 xvh017 xvh018 xvh019 xvh032 xvh052 xvh054";"xvh038 xvh053"
"pxl1gic00001";"xvh001 xvh002 xvh003 xvh004 xvh005 xvh006 xvh007 xvh008 xvh009 xvh010 xvh011 xvh012 xvh013 xvh014 xvh015 xvh016 xvh017 xvh018 xvh019 xvh032 xvh038 xvh052 xvh053 xvh054";""
"pvmlwebserv02";"xvh001 xvh002 xvh003 xvh004 xvh005 xvh006 xvh007 xvh008 xvh009 xvh010 xvh011 xvh012 xvh013 xvh014 xvh015 xvh016 xvh017 xvh018 xvh019";"xvh032 xvh038 xvh052 xvh053 xvh054"
"pxl1pim00005";"xvh001 xvh002 xvh003 xvh004 xvh005 xvh006 xvh007 xvh008 xvh009 xvh010 xvh011 xvh012 xvh013 xvh014 xvh015 xvh016 xvh017 xvh018 xvh019";"xvh032 xvh038 xvh052 xvh053 xvh054"
"pxl1tbs00125";"xvh001 xvh002 xvh003 xvh004 xvh005 xvh006 xvh007 xvh008 xvh009 xvh010 xvh011 xvh012 xvh013 xvh014 xvh015 xvh016 xvh017 xvh018 xvh019 xvh032 xvh038 xvh052 xvh053 xvh054";""
"pxl1mwgdi002";"xvh013 xvh014 xvh017 xvh019";"xvh001 xvh002 xvh003 xvh004 xvh005 xvh006 xvh007 xvh008 xvh009 xvh010 xvh011 xvh012 xvh015 xvh016 xvh018 xvh032 xvh038 xvh052 xvh053 xvh054"
"pvmlappserv03";"xvh001 xvh002 xvh003 xvh004 xvh005 xvh006 xvh007 xvh008 xvh009 xvh010 xvh011 xvh012 xvh013 xvh014 xvh015 xvh016 xvh017 xvh018 xvh019 xvh032 xvh038 xvh052 xvh053 xvh054";""
"PXW1CEASV001";"xvh001 xvh002 xvh003 xvh004 xvh005 xvh006 xvh007 xvh008 xvh009 xvh010 xvh011 xvh012 xvh013 xvh014 xvh015 xvh016 xvh017 xvh018 xvh019";"xvh032 xvh038 xvh052 xvh053 xvh054"
"pxw1ceasg029";"xvh001 xvh002 xvh003 xvh004 xvh005 xvh006 xvh007 xvh008 xvh009 xvh010 xvh011 xvh012 xvh013 xvh014 xvh015 xvh016 xvh017 xvh018 xvh019";"xvh032 xvh038 xvh052 xvh053 xvh054"
"pxl1aub00052";"xvh001 xvh002 xvh003 xvh004 xvh005 xvh006 xvh007 xvh008 xvh009 xvh010 xvh011 xvh012 xvh013 xvh014 xvh015 xvh016 xvh017 xvh018 xvh019 xvh032 xvh038 xvh052 xvh053 xvh054";""
"pxl1sms00001";"xvh001 xvh002 xvh003 xvh004 xvh005 xvh006 xvh007 xvh008 xvh009 xvh010 xvh011 xvh012 xvh013 xvh014 xvh015 xvh016 xvh017 xvh018 xvh019 xvh032 xvh038 xvh052 xvh053 xvh054";""
"pxl0colig003";"xvh001 xvh002 xvh003 xvh004 xvh005 xvh006 xvh007 xvh008 xvh009 xvh010 xvh011 xvh012 xvh013 xvh014 xvh015 xvh016 xvh017 xvh018 xvh019 xvh032 xvh038 xvh052 xvh053 xvh054";""
"pxl1pdi01new";"xvh001 xvh002 xvh003 xvh004 xvh005 xvh006 xvh007 xvh008 xvh009 xvh010 xvh011 xvh012 xvh013 xvh014 xvh015 xvh016 xvh017 xvh018 xvh019 xvh032 xvh052 xvh054";"xvh038 xvh053"
"PXL1TBS00105";"xvh001 xvh002 xvh003 xvh004 xvh005 xvh006 xvh007 xvh008 xvh009 xvh010 xvh011 xvh012 xvh013 xvh014 xvh015 xvh016 xvh017 xvh018 xvh019 xvh032 xvh038 xvh052 xvh053 xvh054";""
"pvmlout003";"xvh001 xvh002 xvh003 xvh004 xvh005 xvh006 xvh007 xvh008 xvh009 xvh010 xvh011 xvh012 xvh013 xvh014 xvh015 xvh016 xvh017 xvh018 xvh019 xvh032 xvh038 xvh052 xvh053 xvh054";""
"pxw1ceasg009";"xvh001 xvh002 xvh003 xvh004 xvh005 xvh006 xvh007 xvh008 xvh009 xvh010 xvh011 xvh012 xvh013 xvh014 xvh015 xvh016 xvh017 xvh018 xvh019";"xvh032 xvh038 xvh052 xvh053 xvh054"
"pxl1lnxbfx001";"xvh001 xvh002 xvh003 xvh004 xvh005 xvh006 xvh007 xvh008 xvh009 xvh010 xvh011 xvh012 xvh013 xvh014 xvh015 xvh016 xvh017 xvh018 xvh019 xvh032 xvh038 xvh052 xvh053 xvh054";""
"PVMLRTVIEW02";"xvh001 xvh002 xvh003 xvh004 xvh005 xvh006 xvh007 xvh008 xvh009 xvh010 xvh011 xvh012 xvh013 xvh014 xvh015 xvh016 xvh017 xvh018 xvh019";"xvh032 xvh038 xvh052 xvh053 xvh054"
"pxl0piwik105";"xvh001 xvh002 xvh003 xvh004 xvh005 xvh006 xvh007 xvh008 xvh009 xvh010 xvh011 xvh012 xvh013 xvh014 xvh015 xvh016 xvh017 xvh018 xvh019 xvh032 xvh038 xvh052 xvh053 xvh054";""
"pxl0cpri0007";"xvh001 xvh002 xvh003 xvh004 xvh005 xvh006 xvh007 xvh008 xvh009 xvh010 xvh011 xvh012 xvh013 xvh014 xvh015 xvh016 xvh017 xvh018 xvh019 xvh032 xvh038 xvh052 xvh053 xvh054";""
"pxl1lnxsl001";"xvh001 xvh002 xvh003 xvh004 xvh005 xvh006 xvh007 xvh008 xvh009 xvh010 xvh011 xvh012 xvh013 xvh014 xvh015 xvh016 xvh017 xvh018 xvh019 xvh032 xvh052 xvh054";"xvh038 xvh053"
"pvmlapache01";"xvh001 xvh002 xvh003 xvh004 xvh005 xvh006 xvh007 xvh008 xvh009 xvh010 xvh011 xvh012 xvh013 xvh014 xvh015 xvh016 xvh017 xvh018 xvh019";"xvh032 xvh038 xvh052 xvh053 xvh054"
"pxw1ceasg027";"xvh001 xvh002 xvh003 xvh004 xvh005 xvh006 xvh007 xvh008 xvh009 xvh010 xvh011 xvh012 xvh013 xvh014 xvh015 xvh016 xvh017 xvh018 xvh019";"xvh032 xvh038 xvh052 xvh053 xvh054"
"pxw1hpsm0008";"xvh001 xvh002 xvh003 xvh004 xvh005 xvh006 xvh007 xvh008 xvh009 xvh010 xvh011 xvh012 xvh013 xvh014 xvh015 xvh016 xvh017 xvh018 xvh019 xvh032 xvh038 xvh052 xvh053 xvh054";""
"pxw1mdm00002";"xvh001 xvh002 xvh003 xvh004 xvh005 xvh006 xvh007 xvh008 xvh009 xvh010 xvh011 xvh012 xvh013 xvh014 xvh015 xvh016 xvh017 xvh018 xvh019 xvh032 xvh052 xvh054";"xvh038 xvh053"
"pvmlapjplg002";"xvh013 xvh014 xvh015 xvh016 xvh017 xvh018 xvh019 xvh032 xvh038 xvh052 xvh053 xvh054";"xvh001 xvh002 xvh003 xvh004 xvh005 xvh006 xvh007 xvh008 xvh009 xvh010 xvh011 xvh012"
"pvmltemtop05";"xvh001 xvh002 xvh003 xvh004 xvh005 xvh006 xvh007 xvh008 xvh009 xvh010 xvh011 xvh012 xvh013 xvh014 xvh015 xvh016 xvh017 xvh018 xvh019";"xvh032 xvh038 xvh052 xvh053 xvh054"
"pxl1mwgdi003";"xvh013 xvh014 xvh017 xvh019";"xvh001 xvh002 xvh003 xvh004 xvh005 xvh006 xvh007 xvh008 xvh009 xvh010 xvh011 xvh012 xvh015 xvh016 xvh018 xvh032 xvh038 xvh052 xvh053 xvh054"
"pxl0dockr011";"xvh001 xvh002 xvh003 xvh004 xvh005 xvh006 xvh007 xvh008 xvh009 xvh010 xvh011 xvh012 xvh013 xvh014 xvh015 xvh016 xvh017 xvh018 xvh019 xvh032 xvh038 xvh052 xvh053 xvh054";""
"SRCBSA01001";"xvh001 xvh002 xvh003 xvh004 xvh005 xvh006 xvh007 xvh008 xvh009 xvh010 xvh011 xvh012 xvh013 xvh014 xvh015 xvh016 xvh017 xvh018 xvh019 xvh032 xvh052 xvh054";"xvh038 xvh053"
"pxl1sso00027";"xvh001 xvh002 xvh003 xvh004 xvh005 xvh006 xvh007 xvh008 xvh009 xvh010 xvh011 xvh012 xvh013 xvh014 xvh015 xvh016 xvh017 xvh018 xvh019 xvh032 xvh052 xvh054";"xvh038 xvh053"
"pvmlwfc04";"xvh001 xvh002 xvh003 xvh004 xvh005 xvh006 xvh007 xvh008 xvh009 xvh010 xvh011 xvh012 xvh013 xvh014 xvh015 xvh016 xvh017 xvh018 xvh019 xvh032 xvh052 xvh054";"xvh038 xvh053"
"pxl0mon00042";"xvh001 xvh002 xvh003 xvh004 xvh005 xvh006 xvh007 xvh008 xvh009 xvh010 xvh011 xvh012 xvh013 xvh014 xvh015 xvh016 xvh017 xvh018 xvh019 xvh032 xvh052 xvh054";"xvh038 xvh053"
"PVMLGDC130";"xvh001 xvh002 xvh003 xvh004 xvh005 xvh006 xvh007 xvh008 xvh009 xvh010 xvh011 xvh012 xvh013 xvh014 xvh015 xvh016 xvh017 xvh018 xvh019";"xvh032 xvh038 xvh052 xvh053 xvh054"
"PVMLDNSINTRA03";"xvh001 xvh002 xvh003 xvh004 xvh005 xvh006 xvh007 xvh008 xvh009 xvh010 xvh011 xvh012 xvh013 xvh014 xvh015 xvh016 xvh017 xvh018 xvh019 xvh032 xvh052 xvh054";"xvh038 xvh053"
"pxl1aub00043";"xvh001 xvh002 xvh003 xvh004 xvh005 xvh006 xvh007 xvh008 xvh009 xvh010 xvh011 xvh012 xvh013 xvh014 xvh015 xvh016 xvh017 xvh018 xvh019 xvh032 xvh052 xvh054";"xvh038 xvh053"
"PVMLGMT02";"xvh001 xvh002 xvh003 xvh004 xvh005 xvh006 xvh007 xvh008 xvh009 xvh010 xvh011 xvh012 xvh013 xvh014 xvh015 xvh016 xvh017 xvh018 xvh019 xvh032 xvh038 xvh052 xvh053 xvh054";""
"pxl1aub00037";"xvh001 xvh002 xvh003 xvh004 xvh005 xvh006 xvh007 xvh008 xvh009 xvh010 xvh011 xvh012 xvh013 xvh014 xvh015 xvh016 xvh017 xvh018 xvh019 xvh032 xvh038 xvh052 xvh053 xvh054";""
"PXL1CEASU014";"xvh001 xvh002 xvh003 xvh004 xvh005 xvh006 xvh007 xvh008 xvh009 xvh010 xvh011 xvh012 xvh013 xvh014 xvh015 xvh016 xvh017 xvh018 xvh019";"xvh032 xvh038 xvh052 xvh053 xvh054"
"pxl1elk00007";"xvh001 xvh002 xvh003 xvh004 xvh005 xvh006 xvh007 xvh008 xvh009 xvh010 xvh011 xvh012 xvh013 xvh014 xvh015 xvh016 xvh017 xvh018 xvh019 xvh032 xvh038 xvh052 xvh053 xvh054";""
"pxl0dockr033";"xvh013 xvh014 xvh015 xvh016 xvh017 xvh018 xvh019 xvh032 xvh038 xvh052 xvh053 xvh054";"xvh001 xvh002 xvh003 xvh004 xvh005 xvh006 xvh007 xvh008 xvh009 xvh010 xvh011 xvh012"
"pxl0tda00009";"xvh001 xvh002 xvh003 xvh004 xvh005 xvh006 xvh007 xvh008 xvh009 xvh010 xvh011 xvh012 xvh013 xvh014 xvh015 xvh016 xvh017 xvh018 xvh019 xvh032 xvh052 xvh054";"xvh038 xvh053"
"pxl0uim00007";"xvh001 xvh002 xvh003 xvh004 xvh005 xvh006 xvh007 xvh008 xvh009 xvh010 xvh011 xvh012 xvh013 xvh014 xvh015 xvh016 xvh017 xvh018 xvh019 xvh032 xvh038 xvh052 xvh053 xvh054";""
"pxl1gmtap001";"xvh001 xvh002 xvh003 xvh004 xvh005 xvh006 xvh007 xvh008 xvh009 xvh010 xvh011 xvh012 xvh013 xvh014 xvh015 xvh016 xvh017 xvh018 xvh019 xvh032 xvh052 xvh054";"xvh038 xvh053"
"pxl1gcs00001";"xvh001 xvh002 xvh003 xvh004 xvh005 xvh006 xvh007 xvh008 xvh009 xvh010 xvh011 xvh012 xvh013 xvh014 xvh015 xvh016 xvh017 xvh018 xvh019 xvh032 xvh052 xvh054";"xvh038 xvh053"
"pxl1ars00003";"xvh001 xvh002 xvh003 xvh004 xvh005 xvh006 xvh007 xvh008 xvh009 xvh010 xvh011 xvh012 xvh013 xvh014 xvh015 xvh016 xvh017 xvh018 xvh019 xvh032 xvh052 xvh054";"xvh038 xvh053"
"pxl0csirt004";"xvh013 xvh014 xvh015 xvh016 xvh017 xvh018 xvh019 xvh032 xvh038 xvh052 xvh053 xvh054";"xvh001 xvh002 xvh003 xvh004 xvh005 xvh006 xvh007 xvh008 xvh009 xvh010 xvh011 xvh012"
"pxl1mwgelk01";"xvh014";"xvh001 xvh002 xvh003 xvh004 xvh005 xvh006 xvh007 xvh008 xvh009 xvh010 xvh011 xvh012 xvh013 xvh015 xvh016 xvh017 xvh018 xvh019 xvh032 xvh038 xvh052 xvh053 xvh054"
"PVMLSECEX03";"xvh001 xvh002 xvh003 xvh004 xvh005 xvh006 xvh007 xvh008 xvh009 xvh010 xvh011 xvh012 xvh013 xvh014 xvh015 xvh016 xvh017 xvh018 xvh019";"xvh032 xvh038 xvh052 xvh053 xvh054"
"pxl0uim00006";"xvh001 xvh002 xvh003 xvh004 xvh005 xvh006 xvh007 xvh008 xvh009 xvh010 xvh011 xvh012 xvh013 xvh014 xvh015 xvh016 xvh017 xvh018 xvh019 xvh032 xvh038 xvh052 xvh053 xvh054";""
"pxl1db200001";"xvh001 xvh002 xvh003 xvh004 xvh005 xvh006 xvh007 xvh008 xvh009 xvh010 xvh011 xvh012 xvh013 xvh014 xvh015 xvh016 xvh017 xvh018 xvh019 xvh032 xvh052 xvh054";"xvh038 xvh053"
