"vmName";"vmState"
"BIEE Sample Application";"PoweredOn"
"pvml_poc_cpwr_col_prod";"PoweredOn"
"pvmlapjplg001";"PoweredOn"
"pvmlcatserv02";"PoweredOn"
"pvmldc01";"PoweredOn"
"PVMLDMGRCABBIST";"PoweredOn"
"PVMLDNSINTRA01";"PoweredOn"
"PVMLDNSNET01";"PoweredOn"
"pvmlhdn-04";"PoweredOn"
"pvmlhdn-10";"PoweredOn"
"pvmlinfterm";"PoweredOn"
"pvmlnumweb01";"PoweredOn"
"pvmlout001_NEW1";"PoweredOn"
"Pvmlproxyintra01";"PoweredOn"
"PVMLSCOB04";"PoweredOn"
"pvmlscopelb02";"PoweredOn"
"pvmlstmsip904";"PoweredOn"
"pvmlstmux901";"PoweredOn"
"pvmlstreaming06";"PoweredOn"
"PVMWGRA01";"PoweredOn"
"pvmwoo01";"PoweredOn"
"pvmwrglisboa";"PoweredOn"
"pxl0div700001";"PoweredOn"
"pxl0dmpdb002";"PoweredOn"
"pxl0dnsds001";"PoweredOn"
"pxl0dockr001";"PoweredOn"
"pxl0dockr007";"PoweredOn"
"pxl0hpshr002";"PoweredOn"
"pxl0mon00001";"PoweredOn"
"pxl0mon00041";"PoweredOn"
"pxl0monit001";"PoweredOn"
"pxl0mpgbi001";"PoweredOn"
"pxl0nnmi0010";"PoweredOn"
"pxl0squid104";"PoweredOn"
"pxl0tpsrv002_del_10_05_2020";"PoweredOff"
"pxl0ucmdb002";"PoweredOn"
"pxl0vcscint01";"PoweredOn"
"pxl1ahs00050";"PoweredOn"
"pxl1aix00003";"PoweredOn"
"pxl1aml00011";"PoweredOn"
"pxl1apmem001";"PoweredOn"
"pxl1apmhe013";"PoweredOn"
"pxl1aub00030";"PoweredOn"
"pxl1aub00048";"PoweredOn"
"pxl1dem00008";"PoweredOn"
"pxl1dts00002";"PoweredOn"
"pxl1elk00010";"PoweredOn"
"pxl1elk00014";"PoweredOn"
"pxl1flx00008";"PoweredOn"
"pxl1gic00004";"PoweredOn"
"pxl1gir00101";"PoweredOn"
"pxl1gmtfe001";"PoweredOn"
"pxl1hod00004";"PoweredOn"
"pxl1hpo00010";"PoweredOn"
"pxl1ipa00126";"PoweredOn"
"pxl1ipa00158";"PoweredOn"
"pxl1ise00047";"PoweredOn"
"pxl1lnxdv003";"PoweredOn"
"pxl1lnxel003";"PoweredOn"
"pxl1lnxilm001-old";"PoweredOn"
"pxl1lnxsm001";"PoweredOn"
"pxl1miv00016";"PoweredOn"
"pxl1miv10001";"PoweredOn"
"pxl1mtt00003";"PoweredOn"
"pxl1obi00012";"PoweredOn"
"pxl1oqmch006";"PoweredOn"
"pxl1oqmcm003";"PoweredOn"
"pxl1pscbg013";"PoweredOn"
"pxl1psckb014";"PoweredOn"
"pxl1psckb020";"PoweredOn"
"pxl1spf00009";"PoweredOn"
"pxl1sso00029";"PoweredOn"
"PXL1TBS00113";"PoweredOn"
"pxl1tbsbw012";"PoweredOn"
"pxl1tsm00004";"PoweredOn"
"pxl1tsm00019";"PoweredOn"
"pxl1tsm00041";"PoweredOn"
"pxl1tsm00049";"PoweredOn"
"PXW0CSIRT001";"PoweredOn"
"pxw0csirt003";"PoweredOn"
"pxw0itmv0006";"PoweredOn"
"PXW1AMB00002";"PoweredOn"
"PXW1CEADG010";"PoweredOn"
"pxw1ceasg004";"PoweredOn"
"pxw1ddm00001";"PoweredOn"
"PXW1DDM00015";"PoweredOn"
"pxw1ddm00017";"PoweredOn"
"SR738901001";"PoweredOn"
"SRCBSA01078";"PoweredOn"
"SVWBSA09SIE0001";"PoweredOn"
"teste_disco_vm";"PoweredOn"
"VMWHPQC99";"PoweredOn"
