"VM";"Com Compat";"Sem Compat"
"pxl1mqs00024";"xvh001 xvh002 xvh003 xvh004 xvh005 xvh006 xvh007 xvh008 xvh009 xvh010 xvh011 xvh012 xvh013 xvh014 xvh015 xvh016 xvh017 xvh018 xvh019 xvh032 xvh052 xvh054";"xvh038 xvh053"
"PXW1MDM00007";"xvh001 xvh002 xvh003 xvh004 xvh005 xvh006 xvh007 xvh008 xvh009 xvh010 xvh011 xvh012 xvh013 xvh014 xvh015 xvh016 xvh017 xvh018 xvh019 xvh032 xvh038 xvh052 xvh053 xvh054";""
"pxl0etl00007";"xvh001 xvh002 xvh003 xvh004 xvh005 xvh006 xvh007 xvh008 xvh009 xvh010 xvh011 xvh012 xvh013 xvh014 xvh015 xvh016 xvh017 xvh018 xvh019 xvh032 xvh052 xvh054";"xvh038 xvh053"
"PXL1SRCPJ014";"xvh001 xvh002 xvh003 xvh004 xvh005 xvh006 xvh007 xvh008 xvh009 xvh010 xvh011 xvh012 xvh013 xvh014 xvh015 xvh016 xvh017 xvh018 xvh019 xvh032 xvh052 xvh054";"xvh038 xvh053"
"pxl1psckb003";"xvh001 xvh002 xvh003 xvh004 xvh005 xvh006 xvh007 xvh008 xvh009 xvh010 xvh011 xvh012 xvh013 xvh014 xvh015 xvh016 xvh017 xvh018 xvh019 xvh032 xvh052 xvh054";"xvh038 xvh053"
"PXL1SRCPJ012";"xvh001 xvh002 xvh003 xvh004 xvh005 xvh006 xvh007 xvh008 xvh009 xvh010 xvh011 xvh012 xvh013 xvh014 xvh015 xvh016 xvh017 xvh018 xvh019 xvh032 xvh052 xvh054";"xvh038 xvh053"
"PXL1LNXNT001";"xvh001 xvh002 xvh003 xvh004 xvh005 xvh006 xvh007 xvh008 xvh009 xvh010 xvh011 xvh012 xvh013 xvh014 xvh015 xvh016 xvh017 xvh018 xvh019 xvh032 xvh038 xvh052 xvh053 xvh054";""
"PVML-HOSP0001";"xvh001 xvh002 xvh003 xvh004 xvh005 xvh006 xvh007 xvh008 xvh009 xvh010 xvh011 xvh012 xvh013 xvh014 xvh015 xvh016 xvh017 xvh018 xvh019 xvh032 xvh038 xvh052 xvh053 xvh054";""
"PVML-HOSP116";"xvh001 xvh002 xvh003 xvh004 xvh005 xvh006 xvh007 xvh008 xvh009 xvh010 xvh011 xvh012 xvh013 xvh014 xvh015 xvh016 xvh017 xvh018 xvh019";"xvh032 xvh038 xvh052 xvh053 xvh054"
"pvmlhnn-01";"xvh001 xvh002 xvh003 xvh004 xvh005 xvh006 xvh007 xvh008 xvh009 xvh010 xvh011 xvh012 xvh013 xvh014 xvh015 xvh016 xvh017 xvh018 xvh019 xvh032 xvh052 xvh054";"xvh038 xvh053"
"pxl1elk00012";"xvh001 xvh002 xvh003 xvh004 xvh005 xvh006 xvh007 xvh008 xvh009 xvh010 xvh011 xvh012 xvh013 xvh014 xvh015 xvh016 xvh017 xvh018 xvh019 xvh032 xvh038 xvh052 xvh053 xvh054";""
"pxl0nnmi0012";"xvh001 xvh002 xvh003 xvh004 xvh005 xvh006 xvh007 xvh008 xvh009 xvh010 xvh011 xvh012 xvh013 xvh014 xvh015 xvh016 xvh017 xvh018 xvh019 xvh032 xvh038 xvh052 xvh053 xvh054";""
"pxl1apmhe012";"xvh001 xvh002 xvh003 xvh004 xvh005 xvh006 xvh007 xvh008 xvh009 xvh010 xvh011 xvh012 xvh013 xvh014 xvh015 xvh016 xvh017 xvh018 xvh019 xvh032 xvh052 xvh054";"xvh038 xvh053"
"pxl1wls00011";"xvh001 xvh002 xvh003 xvh004 xvh005 xvh006 xvh007 xvh008 xvh009 xvh010 xvh011 xvh012 xvh013 xvh014 xvh015 xvh016 xvh017 xvh018 xvh019 xvh032 xvh052 xvh054";"xvh038 xvh053"
"pxw1pdi00015";"xvh001 xvh002 xvh003 xvh004 xvh005 xvh006 xvh007 xvh008 xvh009 xvh010 xvh011 xvh012 xvh013 xvh014 xvh015 xvh016 xvh017 xvh018 xvh019 xvh032 xvh038 xvh052 xvh053 xvh054";""
"pxl1fgp00010";"xvh001 xvh002 xvh003 xvh004 xvh005 xvh006 xvh007 xvh008 xvh009 xvh010 xvh011 xvh012 xvh013 xvh014 xvh015 xvh016 xvh017 xvh018 xvh019 xvh032 xvh038 xvh052 xvh053 xvh054";""
"pxl1pscnd022";"xvh001 xvh002 xvh003 xvh004 xvh005 xvh006 xvh007 xvh008 xvh009 xvh010 xvh011 xvh012 xvh013 xvh014 xvh015 xvh016 xvh017 xvh018 xvh019 xvh032 xvh052 xvh054";"xvh038 xvh053"
"pxl1fgp00005";"xvh001 xvh002 xvh003 xvh004 xvh005 xvh006 xvh007 xvh008 xvh009 xvh010 xvh011 xvh012 xvh013 xvh014 xvh015 xvh016 xvh017 xvh018 xvh019 xvh032 xvh038 xvh052 xvh053 xvh054";""
"pxl0dockr005";"xvh001 xvh002 xvh003 xvh004 xvh005 xvh006 xvh007 xvh008 xvh009 xvh010 xvh011 xvh012 xvh013 xvh014 xvh015 xvh016 xvh017 xvh018 xvh019";"xvh032 xvh038 xvh052 xvh053 xvh054"
"PXL1SRCPF002";"xvh001 xvh002 xvh003 xvh004 xvh005 xvh006 xvh007 xvh008 xvh009 xvh010 xvh011 xvh012 xvh013 xvh014 xvh015 xvh016 xvh017 xvh018 xvh019 xvh032 xvh038 xvh052 xvh053 xvh054";""
"pxl1pwnet002";"xvh001 xvh002 xvh003 xvh004 xvh005 xvh006 xvh007 xvh008 xvh009 xvh010 xvh011 xvh012 xvh013 xvh014 xvh015 xvh016 xvh017 xvh018 xvh019 xvh032 xvh052 xvh054";"xvh038 xvh053"
"pxl1aub00010";"xvh001 xvh002 xvh003 xvh004 xvh005 xvh006 xvh007 xvh008 xvh009 xvh010 xvh011 xvh012 xvh013 xvh014 xvh015 xvh016 xvh017 xvh018 xvh019 xvh032 xvh052 xvh054";"xvh038 xvh053"
"pxl0dockr037";"xvh001 xvh002 xvh003 xvh004 xvh005 xvh006 xvh007 xvh008 xvh009 xvh010 xvh011 xvh012 xvh013 xvh014 xvh015 xvh016 xvh017 xvh018 xvh019 xvh032 xvh038 xvh052 xvh053 xvh054";""
"pxl1ise00004";"xvh001 xvh002 xvh003 xvh004 xvh005 xvh006 xvh007 xvh008 xvh009 xvh010 xvh011 xvh012 xvh013 xvh014 xvh015 xvh016 xvh017 xvh018 xvh019 xvh032 xvh052 xvh054";"xvh038 xvh053"
"pxl0cpri0008";"xvh001 xvh002 xvh003 xvh004 xvh005 xvh006 xvh007 xvh008 xvh009 xvh010 xvh011 xvh012 xvh013 xvh014 xvh015 xvh016 xvh017 xvh018 xvh019 xvh032 xvh038 xvh052 xvh053 xvh054";""
"pxl0cmsco012";"xvh001 xvh002 xvh003 xvh004 xvh005 xvh006 xvh007 xvh008 xvh009 xvh010 xvh011 xvh012 xvh013 xvh014 xvh015 xvh016 xvh017 xvh018 xvh019";"xvh032 xvh038 xvh052 xvh053 xvh054"
"pxl1ipa00021";"xvh001 xvh002 xvh003 xvh004 xvh005 xvh006 xvh007 xvh008 xvh009 xvh010 xvh011 xvh012 xvh013 xvh014 xvh015 xvh016 xvh017 xvh018 xvh019 xvh032 xvh038 xvh052 xvh053 xvh054";""
"pxl1aub00032";"xvh001 xvh002 xvh003 xvh004 xvh005 xvh006 xvh007 xvh008 xvh009 xvh010 xvh011 xvh012 xvh013 xvh014 xvh015 xvh016 xvh017 xvh018 xvh019 xvh032 xvh052 xvh054";"xvh038 xvh053"
"pxl1nia10002";"xvh001 xvh002 xvh003 xvh004 xvh005 xvh006 xvh007 xvh008 xvh009 xvh010 xvh011 xvh012 xvh013 xvh014 xvh015 xvh016 xvh017 xvh018 xvh019 xvh032 xvh052 xvh054";"xvh038 xvh053"
"pxw1hpsm0013";"xvh001 xvh002 xvh003 xvh004 xvh005 xvh006 xvh007 xvh008 xvh009 xvh010 xvh011 xvh012 xvh013 xvh014 xvh015 xvh016 xvh017 xvh018 xvh019 xvh032 xvh038 xvh052 xvh053 xvh054";""
"pxl1mqs00028";"xvh001 xvh002 xvh003 xvh004 xvh005 xvh006 xvh007 xvh008 xvh009 xvh010 xvh011 xvh012 xvh013 xvh014 xvh015 xvh016 xvh017 xvh018 xvh019 xvh032 xvh052 xvh054";"xvh038 xvh053"
"pxl0mwg00010";"xvh001 xvh002 xvh003 xvh004 xvh005 xvh006 xvh007 xvh008 xvh009 xvh010 xvh011 xvh012 xvh013 xvh014 xvh015 xvh016 xvh017 xvh018 xvh019 xvh032 xvh038 xvh052 xvh053 xvh054";""
"pxl1ipa00109";"xvh001 xvh002 xvh003 xvh004 xvh005 xvh006 xvh007 xvh008 xvh009 xvh010 xvh011 xvh012 xvh013 xvh014 xvh015 xvh016 xvh017 xvh018 xvh019 xvh032 xvh052 xvh054";"xvh038 xvh053"
"pxl0squid103";"xvh001 xvh002 xvh003 xvh004 xvh005 xvh006 xvh007 xvh008 xvh009 xvh010 xvh011 xvh012 xvh013 xvh014 xvh015 xvh016 xvh017 xvh018 xvh019 xvh032 xvh038 xvh052 xvh053 xvh054";""
"pxl1apm00008";"xvh001 xvh002 xvh003 xvh004 xvh005 xvh006 xvh007 xvh008 xvh009 xvh010 xvh011 xvh012 xvh013 xvh014 xvh015 xvh016 xvh017 xvh018 xvh019 xvh032 xvh052 xvh054";"xvh038 xvh053"
"pxl1ars00006";"xvh001 xvh002 xvh003 xvh004 xvh005 xvh006 xvh007 xvh008 xvh009 xvh010 xvh011 xvh012 xvh013 xvh014 xvh015 xvh016 xvh017 xvh018 xvh019 xvh032 xvh052 xvh054";"xvh038 xvh053"
"pxl1miv50001";"xvh001 xvh002 xvh003 xvh004 xvh005 xvh006 xvh007 xvh008 xvh009 xvh010 xvh011 xvh012 xvh013 xvh014 xvh015 xvh016 xvh017 xvh018 xvh019 xvh032 xvh038 xvh052 xvh053 xvh054";""
"pxl1ipa00008";"xvh001 xvh002 xvh003 xvh004 xvh005 xvh006 xvh007 xvh008 xvh009 xvh010 xvh011 xvh012 xvh013 xvh014 xvh015 xvh016 xvh017 xvh018 xvh019 xvh032 xvh052 xvh054";"xvh038 xvh053"
"pxl1aml00030";"xvh001 xvh002 xvh003 xvh004 xvh005 xvh006 xvh007 xvh008 xvh009 xvh010 xvh011 xvh012 xvh013 xvh014 xvh015 xvh016 xvh017 xvh018 xvh019 xvh032 xvh052 xvh054";"xvh038 xvh053"
"PVMLRHEL_REPO_PROD";"xvh001 xvh002 xvh003 xvh004 xvh005 xvh006 xvh007 xvh008 xvh009 xvh010 xvh011 xvh012 xvh013 xvh014 xvh015 xvh016 xvh017 xvh018 xvh019 xvh032 xvh052 xvh054";"xvh038 xvh053"
"pxl0dns00003";"xvh001 xvh002 xvh003 xvh004 xvh005 xvh006 xvh007 xvh008 xvh009 xvh010 xvh011 xvh012 xvh013 xvh014 xvh015 xvh016 xvh017 xvh018 xvh019 xvh032 xvh038 xvh052 xvh053 xvh054";""
"pxl1aaiwl001";"xvh001 xvh002 xvh003 xvh004 xvh005 xvh006 xvh007 xvh008 xvh009 xvh010 xvh011 xvh012 xvh013 xvh014 xvh015 xvh016 xvh017 xvh018 xvh019 xvh032 xvh038 xvh052 xvh053 xvh054";""
"pxl1apmhe033";"xvh001 xvh002 xvh003 xvh004 xvh005 xvh006 xvh007 xvh008 xvh009 xvh010 xvh011 xvh012 xvh013 xvh014 xvh015 xvh016 xvh017 xvh018 xvh019 xvh032 xvh052 xvh054";"xvh038 xvh053"
"pxw1ceasg023";"xvh001 xvh002 xvh003 xvh004 xvh005 xvh006 xvh007 xvh008 xvh009 xvh010 xvh011 xvh012 xvh013 xvh014 xvh015 xvh016 xvh017 xvh018 xvh019";"xvh032 xvh038 xvh052 xvh053 xvh054"
"pxw1mtt00001";"xvh001 xvh002 xvh003 xvh004 xvh005 xvh006 xvh007 xvh008 xvh009 xvh010 xvh011 xvh012 xvh013 xvh014 xvh015 xvh016 xvh017 xvh018 xvh019 xvh032 xvh038 xvh052 xvh053 xvh054";""
"pxl1spf00004";"xvh001 xvh002 xvh003 xvh004 xvh005 xvh006 xvh007 xvh008 xvh009 xvh010 xvh011 xvh012 xvh013 xvh014 xvh015 xvh016 xvh017 xvh018 xvh019 xvh032 xvh038 xvh052 xvh053 xvh054";""
"pxl0squid102";"xvh001 xvh002 xvh003 xvh004 xvh005 xvh006 xvh007 xvh008 xvh009 xvh010 xvh011 xvh012 xvh013 xvh014 xvh015 xvh016 xvh017 xvh018 xvh019 xvh032 xvh052 xvh054";"xvh038 xvh053"
"PVMLSRCBSADB01";"xvh001 xvh002 xvh003 xvh004 xvh005 xvh006 xvh007 xvh008 xvh009 xvh010 xvh011 xvh012 xvh013 xvh014 xvh015 xvh016 xvh017 xvh018 xvh019 xvh032 xvh052 xvh054";"xvh038 xvh053"
"PVMLANTISPAM08";"xvh001 xvh002 xvh003 xvh004 xvh005 xvh006 xvh007 xvh008 xvh009 xvh010 xvh011 xvh012 xvh013 xvh014 xvh015 xvh016 xvh017 xvh018 xvh019 xvh032 xvh038 xvh052 xvh053 xvh054";""
"PXW0EPOAG001";"xvh001 xvh002 xvh003 xvh004 xvh005 xvh006 xvh007 xvh008 xvh009 xvh010 xvh011 xvh012 xvh013 xvh014 xvh015 xvh016 xvh017 xvh018 xvh019 xvh032 xvh052 xvh054";"xvh038 xvh053"
"pxw1spf00024";"xvh001 xvh002 xvh003 xvh004 xvh005 xvh006 xvh007 xvh008 xvh009 xvh010 xvh011 xvh012 xvh013 xvh014 xvh015 xvh016 xvh017 xvh018 xvh019 xvh032 xvh052 xvh054";"xvh038 xvh053"
"pxw1hpsm0015";"xvh001 xvh002 xvh003 xvh004 xvh005 xvh006 xvh007 xvh008 xvh009 xvh010 xvh011 xvh012 xvh013 xvh014 xvh015 xvh016 xvh017 xvh018 xvh019 xvh032 xvh038 xvh052 xvh053 xvh054";""
"PXW1CEASV011";"xvh001 xvh002 xvh003 xvh004 xvh005 xvh006 xvh007 xvh008 xvh009 xvh010 xvh011 xvh012 xvh013 xvh014 xvh015 xvh016 xvh017 xvh018 xvh019";"xvh032 xvh038 xvh052 xvh053 xvh054"
"pxl1hpo00014";"xvh001 xvh002 xvh003 xvh004 xvh005 xvh006 xvh007 xvh008 xvh009 xvh010 xvh011 xvh012 xvh013 xvh014 xvh015 xvh016 xvh017 xvh018 xvh019 xvh032 xvh052 xvh054";"xvh038 xvh053"
"pvmltemtop01";"xvh001 xvh002 xvh003 xvh004 xvh005 xvh006 xvh007 xvh008 xvh009 xvh010 xvh011 xvh012 xvh013 xvh014 xvh015 xvh016 xvh017 xvh018 xvh019";"xvh032 xvh038 xvh052 xvh053 xvh054"
"pxl1php00001";"xvh001 xvh002 xvh003 xvh004 xvh005 xvh006 xvh007 xvh008 xvh009 xvh010 xvh011 xvh012 xvh013 xvh014 xvh015 xvh016 xvh017 xvh018 xvh019 xvh032 xvh038 xvh052 xvh053 xvh054";""
"pxw1ceasg020";"xvh001 xvh002 xvh003 xvh004 xvh005 xvh006 xvh007 xvh008 xvh009 xvh010 xvh011 xvh012 xvh013 xvh014 xvh015 xvh016 xvh017 xvh018 xvh019";"xvh032 xvh038 xvh052 xvh053 xvh054"
"pxl1rwtbr002";"xvh001 xvh002 xvh003 xvh004 xvh005 xvh006 xvh007 xvh008 xvh009 xvh010 xvh011 xvh012 xvh013 xvh014 xvh015 xvh016 xvh017 xvh018 xvh019 xvh032 xvh052 xvh054";"xvh038 xvh053"
"pxw0sfs00004";"xvh001 xvh002 xvh003 xvh004 xvh005 xvh006 xvh007 xvh008 xvh009 xvh010 xvh011 xvh012 xvh013 xvh014 xvh015 xvh016 xvh017 xvh018 xvh019 xvh032 xvh052 xvh054";"xvh038 xvh053"
"pxl1fgp00016";"xvh001 xvh002 xvh003 xvh004 xvh005 xvh006 xvh007 xvh008 xvh009 xvh010 xvh011 xvh012 xvh013 xvh014 xvh015 xvh016 xvh017 xvh018 xvh019 xvh032 xvh038 xvh052 xvh053 xvh054";""
"pxl1psckb029";"xvh001 xvh002 xvh003 xvh004 xvh005 xvh006 xvh007 xvh008 xvh009 xvh010 xvh011 xvh012 xvh013 xvh014 xvh015 xvh016 xvh017 xvh018 xvh019 xvh032 xvh038 xvh052 xvh053 xvh054";""
"pxl1iga00004";"xvh001 xvh002 xvh003 xvh004 xvh005 xvh006 xvh007 xvh008 xvh009 xvh010 xvh011 xvh012 xvh013 xvh014 xvh015 xvh016 xvh017 xvh018 xvh019 xvh032 xvh052 xvh054";"xvh038 xvh053"
"pxl1ars00001";"xvh001 xvh002 xvh003 xvh004 xvh005 xvh006 xvh007 xvh008 xvh009 xvh010 xvh011 xvh012 xvh013 xvh014 xvh015 xvh016 xvh017 xvh018 xvh019 xvh032 xvh052 xvh054";"xvh038 xvh053"
"pxw0sfs00015";"xvh001 xvh002 xvh003 xvh004 xvh005 xvh006 xvh007 xvh008 xvh009 xvh010 xvh011 xvh012 xvh013 xvh014 xvh015 xvh016 xvh017 xvh018 xvh019 xvh032 xvh052 xvh054";"xvh038 xvh053"
"pxl0dns00007";"xvh001 xvh002 xvh003 xvh004 xvh005 xvh006 xvh007 xvh008 xvh009 xvh010 xvh011 xvh012 xvh013 xvh014 xvh015 xvh016 xvh017 xvh018 xvh019 xvh032 xvh038 xvh052 xvh053 xvh054";""
"pxl1crm00002";"xvh001 xvh002 xvh003 xvh004 xvh005 xvh006 xvh007 xvh008 xvh009 xvh010 xvh011 xvh012 xvh013 xvh014 xvh015 xvh016 xvh017 xvh018 xvh019 xvh032 xvh052 xvh054";"xvh038 xvh053"
"PVMLLDAP";"xvh001 xvh002 xvh003 xvh004 xvh005 xvh006 xvh007 xvh008 xvh009 xvh010 xvh011 xvh012 xvh013 xvh014 xvh015 xvh016 xvh017 xvh018 xvh019";"xvh032 xvh038 xvh052 xvh053 xvh054"
"pxl1ipa00116";"xvh001 xvh002 xvh003 xvh004 xvh005 xvh006 xvh007 xvh008 xvh009 xvh010 xvh011 xvh012 xvh013 xvh014 xvh015 xvh016 xvh017 xvh018 xvh019 xvh032 xvh052 xvh054";"xvh038 xvh053"
"pxl1aub00033";"xvh001 xvh002 xvh003 xvh004 xvh005 xvh006 xvh007 xvh008 xvh009 xvh010 xvh011 xvh012 xvh013 xvh014 xvh015 xvh016 xvh017 xvh018 xvh019 xvh032 xvh038 xvh052 xvh053 xvh054";""
"pxl1tbsbw017";"xvh001 xvh002 xvh003 xvh004 xvh005 xvh006 xvh007 xvh008 xvh009 xvh010 xvh011 xvh012 xvh013 xvh014 xvh015 xvh016 xvh017 xvh018 xvh019 xvh032 xvh052 xvh054";"xvh038 xvh053"
"PVMLANTISPAM10";"xvh001 xvh002 xvh003 xvh004 xvh005 xvh006 xvh007 xvh008 xvh009 xvh010 xvh011 xvh012 xvh013 xvh014 xvh015 xvh016 xvh017 xvh018 xvh019 xvh032 xvh052 xvh054";"xvh038 xvh053"
"svwbsa09siena01";"xvh001 xvh002 xvh003 xvh004 xvh005 xvh006 xvh007 xvh008 xvh009 xvh010 xvh011 xvh012 xvh013 xvh014 xvh015 xvh016 xvh017 xvh018 xvh019 xvh032 xvh052 xvh054";"xvh038 xvh053"
