vmName;vmState
pvmlapf003;PoweredOn
pvmlportalbb003;PoweredOn
pvmlspj02;PoweredOn
pxl0dwn00002;PoweredOn
pxl0dwn00003_new;PoweredOn
pxl0outro024;PoweredOn
pxl0outro034;PoweredOn
pxl0pbb00005;PoweredOn
pxl0plata015;PoweredOn
pxl0plata021;PoweredOn
pxl0plata028;PoweredOn
pxl0plata056;PoweredOn
pxl0plata064;PoweredOn
pxl0plata071;PoweredOn
pxl1ahs00004;PoweredOn
pxl1ahs00025;PoweredOn
pxl1ahs00043;PoweredOn
pxl1ahs00045;PoweredOn
pxl1aop00005;PoweredOn
pxl1aop00006;PoweredOn
pxl1aop00007;PoweredOn
pxl1apf10004;PoweredOn
pxl1apf10018;PoweredOn
PXL1ARH00002;PoweredOn
pxl1del00011;PoweredOn
pxl1gmtex019;PoweredOn
pxl1gmtou001;PoweredOn
pxl1hbk00010;PoweredOn
pxl1out10011;PoweredOn
pxl1tbs00076;PoweredOn
pxl1wbb1g063;PoweredOn
pxl1wbb1g064;PoweredOn
pxl1web00003;PoweredOn
pxl1wls00002;PoweredOn
pxl1wls00005;PoweredOn
