"vmName";"vmState"
"pvmlapf004";"PoweredOn"
"PVMLPLAT002";"PoweredOn"
"pvmlportalbb003";"PoweredOn"
"PVMLWWW14EXT03";"PoweredOn"
"pxl0aop00001";"PoweredOn"
"pxl0aop00002_old";"PoweredOn"
"pxl0aop00004";"PoweredOn"
"pxl0cdn00040";"PoweredOn"
"pxl0cdn00042";"PoweredOn"
"pxl0dwn00004";"PoweredOn"
"pxl0pbb00001";"PoweredOn"
"pxl0plata014";"PoweredOn"
"pxl0plata019";"PoweredOn"
"pxl0plata054";"PoweredOn"
"pxl0plata058";"PoweredOn"
"pxl0plata059";"PoweredOn"
"pxl0plata061";"PoweredOn"
"pxl0plata098";"PoweredOn"
"pxl0plata102";"PoweredOn"
"pxl0plata103";"PoweredOn"
"pxl1ahs00029";"PoweredOn"
"pxl1apf10005";"PoweredOn"
"pxl1apj00032";"PoweredOn"
"PXL1ARH00001";"PoweredOn"
"pxl1gmtex009";"PoweredOn"
"pxl1gmtou007";"PoweredOn"
"pxl1hbk00006";"PoweredOn"
"pxl1hbk00013";"PoweredOn"
"pxl1hbk00015";"PoweredOn"
"pxl1psckb051";"PoweredOn"
"pxl1psckb056";"PoweredOn"
"pxl1sig00002";"PoweredOn"
"PXL1SRCBB223";"PoweredOn"
"pxl1sso00005";"PoweredOn"
"pxl1sso00053";"PoweredOn"
"pxl1tbs00004";"PoweredOn"
"pxl1tbs00005";"PoweredOn"
"pxl1wbb1b062";"PoweredOn"
"pxl1wbb1g053";"PoweredOn"
