"vmName";"vmState"
"HXL1TBS00006";"PoweredOn"
"PVMLINT04";"PoweredOn"
"PVMLMCRCLUSTER";"PoweredOn"
"PVMLRTVIEW04";"PoweredOn"
"pvmlsap041";"PoweredOn"
"PVMLSLES11PAQ";"PoweredOn"
"pvmlstmprx002";"PoweredOn"
"pvmlstpr02";"PoweredOn"
"PVMLSTREAMING08";"PoweredOn"
"pvmlUbuntu_repo";"PoweredOn"
"pvmlwfc02";"PoweredOn"
"pvmwdcbb01";"PoweredOn"
"PVMWGSW5";"PoweredOn"
"PVMWGSW6";"PoweredOn"
"pvmwhpsmapp02";"PoweredOn"
"pvmwnumbat";"PoweredOn"
"pvmwpdi05";"PoweredOn"
"pvmwpdi26";"PoweredOn"
"PVMWSRVEXT001";"PoweredOn"
"pxl0apmmo001";"PoweredOn"
"pxl0cmsco016";"PoweredOn"
"pxl0dsm00001";"PoweredOn"
"pxl0hosp0228";"PoweredOn"
"pxl0mgohr001";"PoweredOn"
"pxl0mwg00007";"PoweredOn"
"pxl0omi00007";"PoweredOn"
"pxl0piwik007";"PoweredOn"
"pxl0siap0001";"PoweredOn"
"pxl0ucmdb003";"PoweredOn"
"pxl0uim00004";"PoweredOn"
"pxl0uim00009";"PoweredOn"
"pxl0url00002";"PoweredOn"
"pxl0url00003";"PoweredOn"
"pxl0vcscint03";"PoweredOn"
"pxl1aai00007";"PoweredOn"
"pxl1ahs00060";"PoweredOn"
"pxl1aml00008";"PoweredOn"
"pxl1any00005";"PoweredOn"
"pxl1any00019";"PoweredOn"
"pxl1apmhe032";"PoweredOn"
"pxl1aub00002";"PoweredOn"
"pxl1aub00027";"PoweredOn"
"pxl1aub00029";"PoweredOn"
"pxl1aub00042";"PoweredOn"
"pxl1fgp00018";"PoweredOn"
"pxl1flx00006";"PoweredOn"
"pxl1gcs00003";"PoweredOn"
"pxl1gir00001";"PoweredOn"
"pxl1gmtfe003_CP";"PoweredOn"
"pxl1ipa00011";"PoweredOn"
"pxl1ipa00112";"PoweredOn"
"pxl1jml00003";"PoweredOn"
"pxl1ldpod007";"PoweredOn"
"pxl1lnxilm001";"PoweredOn"
"pxl1mdc00006";"PoweredOn"
"pxl1miv00007";"PoweredOn"
"pxl1miv00013";"PoweredOn"
"pxl1nia00018";"PoweredOn"
"pxl1nia20002";"PoweredOn"
"pxl1obi00014";"PoweredOn"
"pxl1oqmcz002";"PoweredOn"
"pxl1psckb004";"PoweredOn"
"pxl1psckb037";"PoweredOn"
"pxl1pscnd107";"PoweredOn"
"pxl1pscos102";"PoweredOn"
"pxl1rbf00003";"PoweredOn"
"pxl1sso00043";"PoweredOn"
"pxl1tsm00023";"PoweredOn"
"pxl1tsm00033";"PoweredOn"
"pxl1wik00006";"PoweredOn"
"pxw0admt0002";"PoweredOn"
"pxw0bb365045";"PoweredOn"
"pxw0dvrsd402";"PoweredOn"
"pxw0itmv0005";"PoweredOn"
"pxw0mon00002";"PoweredOn"
"pxw0tab00002";"PoweredOn"
"pxw0tab00004";"PoweredOn"
"pxw1aml00001";"PoweredOn"
"pxw1ceasg008";"PoweredOn"
"pxw1spf00028";"PoweredOn"
"SR739401001";"PoweredOn"
"SR739401004";"PoweredOn"
