"VM";"Com Compat";"Sem Compat"
"pxl0spam0010";"xvh001 xvh002 xvh003 xvh004 xvh005 xvh006 xvh007 xvh008 xvh009 xvh010 xvh011 xvh012 xvh013 xvh014 xvh015 xvh016 xvh017 xvh018 xvh019 xvh032 xvh052 xvh054";"xvh038 xvh053"
"pxw1scb00004";"xvh001 xvh002 xvh003 xvh004 xvh005 xvh006 xvh007 xvh008 xvh009 xvh010 xvh011 xvh012 xvh013 xvh014 xvh015 xvh016 xvh017 xvh018 xvh019 xvh032 xvh052 xvh054";"xvh038 xvh053"
"SRIBSA019946A24";"xvh001 xvh002 xvh003 xvh004 xvh005 xvh006 xvh007 xvh008 xvh009 xvh010 xvh011 xvh012 xvh013 xvh014 xvh015 xvh016 xvh017 xvh018 xvh019 xvh032 xvh038 xvh052 xvh053 xvh054";""
"pxl0uim00011";"xvh001 xvh002 xvh003 xvh004 xvh005 xvh006 xvh007 xvh008 xvh009 xvh010 xvh011 xvh012 xvh013 xvh014 xvh015 xvh016 xvh017 xvh018 xvh019 xvh032 xvh052 xvh054";"xvh038 xvh053"
"pxl0spam0011";"xvh001 xvh002 xvh003 xvh004 xvh005 xvh006 xvh007 xvh008 xvh009 xvh010 xvh011 xvh012 xvh013 xvh014 xvh015 xvh016 xvh017 xvh018 xvh019";"xvh032 xvh038 xvh052 xvh053 xvh054"
"pxw1ddm00005";"xvh001 xvh002 xvh003 xvh004 xvh005 xvh006 xvh007 xvh008 xvh009 xvh010 xvh011 xvh012 xvh013 xvh014 xvh015 xvh016 xvh017 xvh018 xvh019 xvh032 xvh038 xvh052 xvh053 xvh054";""
"pxl1ise00003_old";"xvh001 xvh002 xvh003 xvh004 xvh005 xvh006 xvh007 xvh008 xvh009 xvh010 xvh011 xvh012 xvh013 xvh014 xvh015 xvh016 xvh017 xvh018 xvh019 xvh032 xvh052 xvh054";"xvh038 xvh053"
"pxl1lnxel001";"xvh001 xvh002 xvh003 xvh004 xvh005 xvh006 xvh007 xvh008 xvh009 xvh010 xvh011 xvh012 xvh013 xvh014 xvh015 xvh016 xvh017 xvh018 xvh019 xvh032 xvh038 xvh052 xvh053 xvh054";""
"pxw0itmv0008";"xvh001 xvh002 xvh003 xvh004 xvh005 xvh006 xvh007 xvh008 xvh009 xvh010 xvh011 xvh012 xvh013 xvh014 xvh015 xvh016 xvh017 xvh018 xvh019 xvh032 xvh052 xvh054";"xvh038 xvh053"
"hxw1scb01001";"xvh001 xvh002 xvh003 xvh004 xvh005 xvh006 xvh007 xvh008 xvh009 xvh010 xvh011 xvh012 xvh013 xvh014 xvh015 xvh016 xvh017 xvh018 xvh019 xvh032 xvh052 xvh054";"xvh038 xvh053"
"PXW0EPOAG003";"xvh001 xvh002 xvh003 xvh004 xvh005 xvh006 xvh007 xvh008 xvh009 xvh010 xvh011 xvh012 xvh013 xvh014 xvh015 xvh016 xvh017 xvh018 xvh019 xvh032 xvh052 xvh054";"xvh038 xvh053"
"pxl1nia10003";"xvh001 xvh002 xvh003 xvh004 xvh005 xvh006 xvh007 xvh008 xvh009 xvh010 xvh011 xvh012 xvh013 xvh014 xvh015 xvh016 xvh017 xvh018 xvh019 xvh032 xvh038 xvh052 xvh053 xvh054";""
"pxl1mqs00013";"xvh001 xvh002 xvh003 xvh004 xvh005 xvh006 xvh007 xvh008 xvh009 xvh010 xvh011 xvh012 xvh013 xvh014 xvh015 xvh016 xvh017 xvh018 xvh019 xvh032 xvh052 xvh054";"xvh038 xvh053"
"pxl0cmsco011";"xvh001 xvh002 xvh003 xvh004 xvh005 xvh006 xvh007 xvh008 xvh009 xvh010 xvh011 xvh012 xvh013 xvh014 xvh015 xvh016 xvh017 xvh018 xvh019";"xvh032 xvh038 xvh052 xvh053 xvh054"
"Matriz_Weblogic12c";"xvh001 xvh002 xvh003 xvh004 xvh005 xvh006 xvh007 xvh008 xvh009 xvh010 xvh011 xvh012 xvh013 xvh014 xvh015 xvh016 xvh017 xvh018 xvh019 xvh032 xvh038 xvh052 xvh053 xvh054";""
"pxl1aml00004";"xvh001 xvh002 xvh003 xvh004 xvh005 xvh006 xvh007 xvh008 xvh009 xvh010 xvh011 xvh012 xvh013 xvh014 xvh015 xvh016 xvh017 xvh018 xvh019 xvh032 xvh052 xvh054";"xvh038 xvh053"
"pxl1wls00018";"xvh001 xvh002 xvh003 xvh004 xvh005 xvh006 xvh007 xvh008 xvh009 xvh010 xvh011 xvh012 xvh013 xvh014 xvh015 xvh016 xvh017 xvh018 xvh019 xvh032 xvh052 xvh054";"xvh038 xvh053"
"pxl1tsm00029";"xvh001 xvh002 xvh003 xvh004 xvh005 xvh006 xvh007 xvh008 xvh009 xvh010 xvh011 xvh012 xvh013 xvh014 xvh015 xvh016 xvh017 xvh018 xvh019 xvh032 xvh038 xvh052 xvh053 xvh054";""
"pxl1flx00007";"xvh001 xvh002 xvh003 xvh004 xvh005 xvh006 xvh007 xvh008 xvh009 xvh010 xvh011 xvh012 xvh013 xvh014 xvh015 xvh016 xvh017 xvh018 xvh019 xvh032 xvh052 xvh054";"xvh038 xvh053"
"PVMLGRID02";"xvh001 xvh002 xvh003 xvh004 xvh005 xvh006 xvh007 xvh008 xvh009 xvh010 xvh011 xvh012 xvh013 xvh014 xvh015 xvh016 xvh017 xvh018 xvh019 xvh032 xvh038 xvh052 xvh053 xvh054";""
"pxl1wls00020";"xvh001 xvh002 xvh003 xvh004 xvh005 xvh006 xvh007 xvh008 xvh009 xvh010 xvh011 xvh012 xvh013 xvh014 xvh015 xvh016 xvh017 xvh018 xvh019 xvh032 xvh052 xvh054";"xvh038 xvh053"
"pxw1pim00005";"xvh001 xvh002 xvh003 xvh004 xvh005 xvh006 xvh007 xvh008 xvh009 xvh010 xvh011 xvh012 xvh013 xvh014 xvh015 xvh016 xvh017 xvh018 xvh019 xvh032 xvh038 xvh052 xvh053 xvh054";""
"PVML-IAT01";"xvh001 xvh002 xvh003 xvh004 xvh005 xvh006 xvh007 xvh008 xvh009 xvh010 xvh011 xvh012 xvh013 xvh014 xvh015 xvh016 xvh017 xvh018 xvh019";"xvh032 xvh038 xvh052 xvh053 xvh054"
"pxl1php00002";"xvh001 xvh002 xvh003 xvh004 xvh005 xvh006 xvh007 xvh008 xvh009 xvh010 xvh011 xvh012 xvh013 xvh014 xvh015 xvh016 xvh017 xvh018 xvh019 xvh032 xvh038 xvh052 xvh053 xvh054";""
"PVMLFLXREPLICA";"xvh001 xvh002 xvh003 xvh004 xvh005 xvh006 xvh007 xvh008 xvh009 xvh010 xvh011 xvh012 xvh013 xvh014 xvh015 xvh016 xvh017 xvh018 xvh019";"xvh032 xvh038 xvh052 xvh053 xvh054"
"PVMLTIBINTRA101";"xvh001 xvh002 xvh003 xvh004 xvh005 xvh006 xvh007 xvh008 xvh009 xvh010 xvh011 xvh012 xvh013 xvh014 xvh015 xvh016 xvh017 xvh018 xvh019 xvh032 xvh052 xvh054";"xvh038 xvh053"
"pxl1any00003";"xvh001 xvh002 xvh003 xvh004 xvh005 xvh006 xvh007 xvh008 xvh009 xvh010 xvh011 xvh012 xvh013 xvh014 xvh015 xvh016 xvh017 xvh018 xvh019 xvh032 xvh052 xvh054";"xvh038 xvh053"
"pxl0squid105";"xvh001 xvh002 xvh003 xvh004 xvh005 xvh006 xvh007 xvh008 xvh009 xvh010 xvh011 xvh012 xvh013 xvh014 xvh015 xvh016 xvh017 xvh018 xvh019 xvh032 xvh052 xvh054";"xvh038 xvh053"
"pvmlsap042";"xvh001 xvh002 xvh003 xvh004 xvh005 xvh006 xvh007 xvh008 xvh009 xvh010 xvh011 xvh012 xvh013 xvh014 xvh015 xvh016 xvh017 xvh018 xvh019 xvh032 xvh038 xvh052 xvh053 xvh054";""
"pxl1mwg00108";"xvh001 xvh002 xvh003 xvh004 xvh005 xvh006 xvh007 xvh008 xvh009 xvh010 xvh011 xvh012 xvh013 xvh014 xvh015 xvh016 xvh017 xvh018 xvh019 xvh032 xvh052 xvh054";"xvh038 xvh053"
"pxl1sso00044";"xvh001 xvh002 xvh003 xvh004 xvh005 xvh006 xvh007 xvh008 xvh009 xvh010 xvh011 xvh012 xvh013 xvh014 xvh015 xvh016 xvh017 xvh018 xvh019 xvh032 xvh052 xvh054";"xvh038 xvh053"
"pxl1snr00001";"xvh001 xvh002 xvh003 xvh004 xvh005 xvh006 xvh007 xvh008 xvh009 xvh010 xvh011 xvh012 xvh013 xvh014 xvh015 xvh016 xvh017 xvh018 xvh019 xvh032 xvh052 xvh054";"xvh038 xvh053"
"pxl1tibco0001";"xvh001 xvh002 xvh003 xvh004 xvh005 xvh006 xvh007 xvh008 xvh009 xvh010 xvh011 xvh012 xvh013 xvh014 xvh015 xvh016 xvh017 xvh018 xvh019 xvh032 xvh052 xvh054";"xvh038 xvh053"
"pxl1aub00047";"xvh001 xvh002 xvh003 xvh004 xvh005 xvh006 xvh007 xvh008 xvh009 xvh010 xvh011 xvh012 xvh013 xvh014 xvh015 xvh016 xvh017 xvh018 xvh019 xvh032 xvh038 xvh052 xvh053 xvh054";""
"pxl0uim00008";"xvh001 xvh002 xvh003 xvh004 xvh005 xvh006 xvh007 xvh008 xvh009 xvh010 xvh011 xvh012 xvh013 xvh014 xvh015 xvh016 xvh017 xvh018 xvh019 xvh032 xvh038 xvh052 xvh053 xvh054";""
"pxl0cap00001";"xvh001 xvh002 xvh003 xvh004 xvh005 xvh006 xvh007 xvh008 xvh009 xvh010 xvh011 xvh012 xvh013 xvh014 xvh015 xvh016 xvh017 xvh018 xvh019 xvh032 xvh052 xvh054";"xvh038 xvh053"
"pxw1spf00054";"xvh001 xvh002 xvh003 xvh004 xvh005 xvh006 xvh007 xvh008 xvh009 xvh010 xvh011 xvh012 xvh013 xvh014 xvh015 xvh016 xvh017 xvh018 xvh019 xvh032 xvh052 xvh054";"xvh038 xvh053"
"pxl0monid001";"xvh001 xvh002 xvh003 xvh004 xvh005 xvh006 xvh007 xvh008 xvh009 xvh010 xvh011 xvh012 xvh013 xvh014 xvh015 xvh016 xvh017 xvh018 xvh019 xvh032 xvh052 xvh054";"xvh038 xvh053"
"pxl1apmco004";"xvh001 xvh002 xvh003 xvh004 xvh005 xvh006 xvh007 xvh008 xvh009 xvh010 xvh011 xvh012 xvh013 xvh014 xvh015 xvh016 xvh017 xvh018 xvh019 xvh032 xvh052 xvh054";"xvh038 xvh053"
"PXL0OPNSH001";"xvh001 xvh002 xvh003 xvh004 xvh005 xvh006 xvh007 xvh008 xvh009 xvh010 xvh011 xvh012 xvh013 xvh014 xvh015 xvh016 xvh017 xvh018 xvh019 xvh032 xvh038 xvh052 xvh053 xvh054";""
"pxl0csirt006";"xvh001 xvh002 xvh003 xvh004 xvh005 xvh006 xvh007 xvh008 xvh009 xvh010 xvh011 xvh012 xvh013 xvh014 xvh015 xvh016 xvh017 xvh018 xvh019 xvh032 xvh038 xvh052 xvh053 xvh054";""
"pxl1dem00010";"xvh001 xvh002 xvh003 xvh004 xvh005 xvh006 xvh007 xvh008 xvh009 xvh010 xvh011 xvh012 xvh013 xvh014 xvh015 xvh016 xvh017 xvh018 xvh019 xvh032 xvh038 xvh052 xvh053 xvh054";""
"PXW1CEADG005";"xvh001 xvh002 xvh003 xvh004 xvh005 xvh006 xvh007 xvh008 xvh009 xvh010 xvh011 xvh012 xvh013 xvh014 xvh015 xvh016 xvh017 xvh018 xvh019";"xvh032 xvh038 xvh052 xvh053 xvh054"
"pxl1gir00022";"xvh001 xvh002 xvh003 xvh004 xvh005 xvh006 xvh007 xvh008 xvh009 xvh010 xvh011 xvh012 xvh013 xvh014 xvh015 xvh016 xvh017 xvh018 xvh019 xvh032 xvh052 xvh054";"xvh038 xvh053"
"pxl1hpsm0003";"xvh001 xvh002 xvh003 xvh004 xvh005 xvh006 xvh007 xvh008 xvh009 xvh010 xvh011 xvh012 xvh013 xvh014 xvh015 xvh016 xvh017 xvh018 xvh019 xvh032 xvh038 xvh052 xvh053 xvh054";""
"pxl1flxbb001";"xvh001 xvh002 xvh003 xvh004 xvh005 xvh006 xvh007 xvh008 xvh009 xvh010 xvh011 xvh012 xvh013 xvh014 xvh015 xvh016 xvh017 xvh018 xvh019 xvh032 xvh052 xvh054";"xvh038 xvh053"
"pvmlcacti03_Remus";"xvh001 xvh002 xvh003 xvh004 xvh005 xvh006 xvh007 xvh008 xvh009 xvh010 xvh011 xvh012 xvh013 xvh014 xvh015 xvh016 xvh017 xvh018 xvh019 xvh032 xvh052 xvh054";"xvh038 xvh053"
"pvmwgeris02";"xvh001 xvh002 xvh003 xvh004 xvh005 xvh006 xvh007 xvh008 xvh009 xvh010 xvh011 xvh012 xvh013 xvh014 xvh015 xvh016 xvh017 xvh018 xvh019";"xvh032 xvh038 xvh052 xvh053 xvh054"
"pxl1rwt00001";"xvh001 xvh002 xvh003 xvh004 xvh005 xvh006 xvh007 xvh008 xvh009 xvh010 xvh011 xvh012 xvh013 xvh014 xvh015 xvh016 xvh017 xvh018 xvh019 xvh032 xvh052 xvh054";"xvh038 xvh053"
"pvmlformproxy02";"xvh001 xvh002 xvh003 xvh004 xvh005 xvh006 xvh007 xvh008 xvh009 xvh010 xvh011 xvh012 xvh013 xvh014 xvh015 xvh016 xvh017 xvh018 xvh019 xvh032 xvh038 xvh052 xvh053 xvh054";""
"pxl1psckb024";"xvh001 xvh002 xvh003 xvh004 xvh005 xvh006 xvh007 xvh008 xvh009 xvh010 xvh011 xvh012 xvh013 xvh014 xvh015 xvh016 xvh017 xvh018 xvh019 xvh032 xvh052 xvh054";"xvh038 xvh053"
"pxl1tsm00012";"xvh001 xvh002 xvh003 xvh004 xvh005 xvh006 xvh007 xvh008 xvh009 xvh010 xvh011 xvh012 xvh013 xvh014 xvh015 xvh016 xvh017 xvh018 xvh019 xvh032 xvh038 xvh052 xvh053 xvh054";""
"pxl1psckb019";"xvh001 xvh002 xvh003 xvh004 xvh005 xvh006 xvh007 xvh008 xvh009 xvh010 xvh011 xvh012 xvh013 xvh014 xvh015 xvh016 xvh017 xvh018 xvh019 xvh032 xvh052 xvh054";"xvh038 xvh053"
"TABSRV_BKP";"xvh001 xvh002 xvh003 xvh004 xvh005 xvh006 xvh007 xvh008 xvh009 xvh010 xvh011 xvh012 xvh013 xvh014 xvh015 xvh016 xvh017 xvh018 xvh019 xvh032 xvh052 xvh054";"xvh038 xvh053"
"pxl1ipa00092";"xvh001 xvh002 xvh003 xvh004 xvh005 xvh006 xvh007 xvh008 xvh009 xvh010 xvh011 xvh012 xvh013 xvh014 xvh015 xvh016 xvh017 xvh018 xvh019 xvh032 xvh038 xvh052 xvh053 xvh054";""
"pxl1pscmd101";"xvh001 xvh002 xvh003 xvh004 xvh005 xvh006 xvh007 xvh008 xvh009 xvh010 xvh011 xvh012 xvh013 xvh014 xvh015 xvh016 xvh017 xvh018 xvh019 xvh032 xvh038 xvh052 xvh053 xvh054";""
"pxl1amb00006";"xvh001 xvh002 xvh003 xvh004 xvh005 xvh006 xvh007 xvh008 xvh009 xvh010 xvh011 xvh012 xvh013 xvh014 xvh015 xvh016 xvh017 xvh018 xvh019 xvh032 xvh038 xvh052 xvh053 xvh054";""
"pxw0dvrsd401";"xvh001 xvh002 xvh003 xvh004 xvh005 xvh006 xvh007 xvh008 xvh009 xvh010 xvh011 xvh012 xvh013 xvh014 xvh015 xvh016 xvh017 xvh018 xvh019 xvh032 xvh052 xvh054";"xvh038 xvh053"
"PXL1OQMAG011";"xvh001 xvh002 xvh003 xvh004 xvh005 xvh006 xvh007 xvh008 xvh009 xvh010 xvh011 xvh012 xvh013 xvh014 xvh015 xvh016 xvh017 xvh018 xvh019 xvh032 xvh052 xvh054";"xvh038 xvh053"
"pxl1mqs00018";"xvh001 xvh002 xvh003 xvh004 xvh005 xvh006 xvh007 xvh008 xvh009 xvh010 xvh011 xvh012 xvh013 xvh014 xvh015 xvh016 xvh017 xvh018 xvh019 xvh032 xvh038 xvh052 xvh053 xvh054";""
"pvmlstadv902";"xvh001 xvh002 xvh003 xvh004 xvh005 xvh006 xvh007 xvh008 xvh009 xvh010 xvh011 xvh012 xvh013 xvh014 xvh015 xvh016 xvh017 xvh018 xvh019 xvh032 xvh038 xvh052 xvh053 xvh054";""
"pxw1ddm00006";"xvh001 xvh002 xvh003 xvh004 xvh005 xvh006 xvh007 xvh008 xvh009 xvh010 xvh011 xvh012 xvh013 xvh014 xvh015 xvh016 xvh017 xvh018 xvh019 xvh032 xvh038 xvh052 xvh053 xvh054";""
"pxl1ipa00095";"xvh001 xvh002 xvh003 xvh004 xvh005 xvh006 xvh007 xvh008 xvh009 xvh010 xvh011 xvh012 xvh013 xvh014 xvh015 xvh016 xvh017 xvh018 xvh019 xvh032 xvh052 xvh054";"xvh038 xvh053"
"pvmldsp02";"xvh001 xvh002 xvh003 xvh004 xvh005 xvh006 xvh007 xvh008 xvh009 xvh010 xvh011 xvh012 xvh013 xvh014 xvh015 xvh016 xvh017 xvh018 xvh019 xvh032 xvh052 xvh054";"xvh038 xvh053"
"pxl1pscnd033";"xvh001 xvh002 xvh003 xvh004 xvh005 xvh006 xvh007 xvh008 xvh009 xvh010 xvh011 xvh012 xvh013 xvh014 xvh015 xvh016 xvh017 xvh018 xvh019 xvh032 xvh038 xvh052 xvh053 xvh054";""
"pxl0extws003";"xvh001 xvh002 xvh003 xvh004 xvh005 xvh006 xvh007 xvh008 xvh009 xvh010 xvh011 xvh012 xvh013 xvh014 xvh015 xvh016 xvh017 xvh018 xvh019 xvh032 xvh038 xvh052 xvh053 xvh054";""
"pxl1iib00001";"xvh001 xvh002 xvh003 xvh004 xvh005 xvh006 xvh007 xvh008 xvh009 xvh010 xvh011 xvh012 xvh013 xvh014 xvh015 xvh016 xvh017 xvh018 xvh019 xvh032 xvh052 xvh054";"xvh038 xvh053"
"pxl1gir00025";"xvh001 xvh002 xvh003 xvh004 xvh005 xvh006 xvh007 xvh008 xvh009 xvh010 xvh011 xvh012 xvh013 xvh014 xvh015 xvh016 xvh017 xvh018 xvh019 xvh032 xvh052 xvh054";"xvh038 xvh053"
"pxl1psc00013";"xvh001 xvh002 xvh003 xvh004 xvh005 xvh006 xvh007 xvh008 xvh009 xvh010 xvh011 xvh012 xvh013 xvh014 xvh015 xvh016 xvh017 xvh018 xvh019 xvh032 xvh052 xvh054";"xvh038 xvh053"
"pxw1hpsm0012";"xvh001 xvh002 xvh003 xvh004 xvh005 xvh006 xvh007 xvh008 xvh009 xvh010 xvh011 xvh012 xvh013 xvh014 xvh015 xvh016 xvh017 xvh018 xvh019 xvh032 xvh038 xvh052 xvh053 xvh054";""
"pxl1amb00004";"xvh001 xvh002 xvh003 xvh004 xvh005 xvh006 xvh007 xvh008 xvh009 xvh010 xvh011 xvh012 xvh013 xvh014 xvh015 xvh016 xvh017 xvh018 xvh019 xvh032 xvh052 xvh054";"xvh038 xvh053"
