"vmName";"vmState"
"dxl1ids00010";"PoweredOn"
"PVMLANTISPAM02";"PoweredOn"
"PVMLANTISPAM09";"PoweredOn"
"PVMLAWP01";"PoweredOn"
"pvmlclog01";"PoweredOn"
"pvmldc02";"PoweredOn"
"PVMLDIPESPOT02";"PoweredOn"
"PVMLDIPESPOT04";"PoweredOn"
"PVMLDNSINTRA04";"PoweredOn"
"pvmlhdn-14";"PoweredOn"
"PVMLINTRA001";"PoweredOn"
"PVMLINTRA002S";"PoweredOn"
"PVMLINTRALOGS";"PoweredOn"
"PVMLMIS05";"PoweredOn"
"pvmlnumapl02";"PoweredOn"
"pvmlpuppetclientrhel67";"PoweredOn"
"pvmlstpr901";"PoweredOn"
"pvmlstsip902";"PoweredOn"
"pvmltacf02";"PoweredOn"
"pvmltemtop02";"PoweredOn"
"pvmltemtop06";"PoweredOn"
"PVMW9946DTCENTER";"PoweredOn"
"pvmwprx01";"PoweredOn"
"PVMWREPORTTIER02_bkp";"PoweredOn"
"pxl0cmsdb001";"PoweredOn"
"pxl0colig002";"PoweredOn"
"pxl0dockr010";"PoweredOn"
"pxl0dockr034";"PoweredOn"
"pxl0dockr036";"PoweredOn"
"pxl0dockr046";"PoweredOn"
"pxl0extws004";"PoweredOn"
"pxl0fcvw0003";"PoweredOn"
"pxl0hpsm0006";"PoweredOn"
"pxl0mobpl002_";"PoweredOn"
"pxl0mon00004";"PoweredOn"
"pxl0mon00005";"PoweredOn"
"pxl0mon00059";"PoweredOn"
"pxl0monwl001";"PoweredOn"
"pxl0niajp004";"PoweredOn"
"pxl0spam0006";"PoweredOn"
"pxl0squidlab";"PoweredOn"
"pxl0vcscint02";"PoweredOn"
"pxl1ahs00073";"PoweredOn"
"pxl1ahs00083";"PoweredOn"
"pxl1any00015";"PoweredOn"
"pxl1apm00014";"PoweredOn"
"pxl1ars00005";"PoweredOn"
"pxl1ath00004";"PoweredOn"
"pxl1aub00001";"PoweredOn"
"pxl1aub00007";"PoweredOn"
"pxl1aub00008";"PoweredOn"
"pxl1aub00015";"PoweredOn"
"pxl1aub00017";"PoweredOn"
"pxl1aub00020";"PoweredOn"
"pxl1aub00031";"PoweredOn"
"pxl1aub00034";"PoweredOn"
"pxl1aub00058";"PoweredOn"
"pxl1aub00061";"PoweredOn"
"pxl1cbo00005";"PoweredOn"
"pxl1cea00010";"PoweredOn"
"PXL1CEASU008";"PoweredOn"
"pxl1ctm00003";"PoweredOn"
"pxl1dem00009";"PoweredOn"
"pxl1fbk00001";"PoweredOn"
"pxl1fbk00002";"PoweredOn"
"pxl1fgp00014";"PoweredOn"
"pxl1gir00007";"PoweredOn"
"pxl1gir00102";"PoweredOn"
"pxl1hpo00019";"PoweredOn"
"pxl1hpo00024";"PoweredOn"
"pxl1hpsm0005";"PoweredOn"
"pxl1ipa00132";"PoweredOn"
"pxl1istwl001";"PoweredOn"
"PXL1LNXLAB02";"PoweredOn"
"pxl1lnxpy001";"PoweredOn"
"pxl1lnxrd001_OLD";"PoweredOn"
"pxl1lnxrp001";"PoweredOn"
"pxl1lnxvg002";"PoweredOn"
"pxl1mdm00003";"PoweredOn"
"pxl1mqs00008";"PoweredOn"
"pxl1nia00005";"PoweredOn"
"PXL1OQMAG012";"PoweredOn"
"pxl1oqmch009";"PoweredOn"
"pxl1pcp00001";"PoweredOn"
"pxl1pcp00002";"PoweredOn"
"pxl1pdi00005";"PoweredOn"
"pxl1pscbg008";"PoweredOn"
"pxl1psckb002";"PoweredOn"
"pxl1psckb013";"PoweredOn"
"pxl1psckb016";"PoweredOn"
"pxl1pscnd027";"PoweredOn"
"pxl1pscnd038";"PoweredOn"
"pxl1rwt00010";"PoweredOn"
"pxl1sas00008";"PoweredOn"
"pxl1scope002";"PoweredOn"
"pxl1sso00015";"PoweredOn"
"pxl1sso00034";"PoweredOn"
"PXL1TBS00099";"PoweredOn"
"pxl1tbsbw005";"PoweredOn"
"pxl1tbsbw013";"PoweredOn"
"pxl1tsm00022";"PoweredOn"
"pxl1wik00001";"PoweredOn"
"pxl1wik00003";"PoweredOn"
"pxl1wik00005";"PoweredOn"
"pxw0cdc00001";"PoweredOn"
"pxw0cdm01023";"PoweredOn"
"pxw0pbi00001";"PoweredOn"
"pxw1ath00001";"PoweredOn"
"pxw1cea00009";"PoweredOn"
"PXW1CEASV005";"PoweredOn"
"PXW1CEASV013";"PoweredOn"
"pxw1ddm00003";"PoweredOn"
"pxw1hpsm0005";"PoweredOn"
"pxw1hpsm0018";"PoweredOn"
"pxw1hpsm0019";"PoweredOn"
"PXW1IDC00005";"PoweredOn"
"pxw1sib00001";"PoweredOn"
"SVWBSA09BBAG001";"PoweredOn"
"vmwca46";"PoweredOn"
