"vmName";"vmState"
"coletivo-d";"PoweredOn"
"PVMLAPM-EM01";"PoweredOn"
"PVMLBBPREV";"PoweredOn"
"pvmlclog02";"PoweredOn"
"pvmlmood03";"PoweredOn"
"pvmlpocdcim";"PoweredOn"
"pvmlstpr01";"PoweredOn"
"pvmlstpr902";"PoweredOn"
"pvmlstpr904";"PoweredOn"
"pvmlstvmgr902";"PoweredOn"
"pvmltemtop04";"PoweredOn"
"pvmltemtop08";"PoweredOn"
"PVMLTIBCOBAN02";"PoweredOn"
"pvmwadbb01";"PoweredOn"
"PVMWIMP02";"PoweredOn"
"pvmwinfra06";"PoweredOn"
"pxl0cmsco007";"PoweredOn"
"pxl0dns00004";"PoweredOn"
"pxl0dockr002";"PoweredOn"
"pxl0dockr008";"PoweredOn"
"pxl0etl00006";"PoweredOn"
"pxl0extws002";"PoweredOn"
"pxl0hosp0104";"PoweredOn"
"pxl0hosp0453";"PoweredOn"
"pxl0piwi0005";"PoweredOn"
"pxl0spam0007";"PoweredOn"
"pxl1aml00026";"PoweredOn"
"pxl1aub00023";"PoweredOn"
"pxl1aub00038";"PoweredOn"
"pxl1aub00057";"PoweredOn"
"pxl1aub00059";"PoweredOn"
"PXL1CEASU005";"PoweredOn"
"pxl1fgp00017";"PoweredOn"
"pxl1flx00001";"PoweredOn"
"pxl1flxsr001";"PoweredOn"
"pxl1ged00020";"PoweredOn"
"pxl1gir00005";"PoweredOn"
"pxl1gir00006";"PoweredOn"
"pxl1ipa00114";"PoweredOn"
"pxl1ipa00120";"PoweredOn"
"pxl1ipa00124";"PoweredOn"
"pxl1ipa03002";"PoweredOn"
"pxl1ise00003_new";"PoweredOn"
"pxl1istwl002";"PoweredOn"
"pxl1jml00004";"PoweredOn"
"pxl1miv00022";"PoweredOn"
"pxl1nia00001";"PoweredOn"
"pxl1oqmcm002";"PoweredOn"
"pxl1psckb032";"PoweredOn"
"pxl1psckb212";"PoweredOn"
"pxl1pscnd035";"PoweredOn"
"pxl1sso00050";"PoweredOn"
"pxl1tsm00003";"PoweredOn"
"pxl1tsm00005";"PoweredOn"
"PXW0SCHEMA01";"PoweredOn"
"pxw0sfs00018";"PoweredOn"
"pxw0sqlof002";"PoweredOn"
"pxw1cea00006";"PoweredOn"
"pxw1ceadg019";"PoweredOn"
"PXW1CEADV002";"PoweredOn"
"pxw1ceasg025";"PoweredOn"
"PXW1CEASV023";"PoweredOn"
"pxw1ddm00004";"PoweredOn"
"pxw1hyp00004";"PoweredOn"
"PXW1SAA00002";"PoweredOn"
"PXW1SAA00003";"PoweredOn"
"pxw1spf00050";"PoweredOn"
"SR739301004";"PoweredOn"
"svwbsa09recma01";"PoweredOn"
"VMWAUTONOMY112";"PoweredOn"
"VMWAUTONOMY96";"PoweredOn"
"VMWECLUSA202";"PoweredOn"
