"VM";"Com Compat";"Sem Compat"
"pxl0spam0007";"xvh001 xvh002 xvh003 xvh004 xvh005 xvh006 xvh007 xvh008 xvh009 xvh010 xvh011 xvh012 xvh013 xvh014 xvh015 xvh016 xvh017 xvh018 xvh019 xvh032 xvh052 xvh054";"xvh038 xvh053"
"pxl1tbs00008";"xvh001 xvh002 xvh003 xvh004 xvh005 xvh006 xvh007 xvh008 xvh009 xvh010 xvh011 xvh012 xvh013 xvh014 xvh015 xvh016 xvh017 xvh018 xvh019 xvh032 xvh052 xvh054";"xvh038 xvh053"
"PVMLINTRA038";"xvh032 xvh038 xvh052 xvh053 xvh054";"xvh001 xvh002 xvh003 xvh004 xvh005 xvh006 xvh007 xvh008 xvh009 xvh010 xvh011 xvh012 xvh013 xvh014 xvh015 xvh016 xvh017 xvh018 xvh019"
"SR739501003";"xvh032 xvh052 xvh054";"xvh001 xvh002 xvh003 xvh004 xvh005 xvh006 xvh007 xvh008 xvh009 xvh010 xvh011 xvh012 xvh013 xvh014 xvh015 xvh016 xvh017 xvh018 xvh019 xvh038 xvh053"
"SR739501002";"xvh032 xvh052 xvh054";"xvh001 xvh002 xvh003 xvh004 xvh005 xvh006 xvh007 xvh008 xvh009 xvh010 xvh011 xvh012 xvh013 xvh014 xvh015 xvh016 xvh017 xvh018 xvh019 xvh038 xvh053"
"SR738301002";"xvh032 xvh052 xvh054";"xvh001 xvh002 xvh003 xvh004 xvh005 xvh006 xvh007 xvh008 xvh009 xvh010 xvh011 xvh012 xvh013 xvh014 xvh015 xvh016 xvh017 xvh018 xvh019 xvh038 xvh053"
"SR738501001";"xvh032 xvh052 xvh054";"xvh001 xvh002 xvh003 xvh004 xvh005 xvh006 xvh007 xvh008 xvh009 xvh010 xvh011 xvh012 xvh013 xvh014 xvh015 xvh016 xvh017 xvh018 xvh019 xvh038 xvh053"
"SR738001002";"xvh032 xvh052 xvh054";"xvh001 xvh002 xvh003 xvh004 xvh005 xvh006 xvh007 xvh008 xvh009 xvh010 xvh011 xvh012 xvh013 xvh014 xvh015 xvh016 xvh017 xvh018 xvh019 xvh038 xvh053"
"SR738101001";"xvh032 xvh052 xvh054";"xvh001 xvh002 xvh003 xvh004 xvh005 xvh006 xvh007 xvh008 xvh009 xvh010 xvh011 xvh012 xvh013 xvh014 xvh015 xvh016 xvh017 xvh018 xvh019 xvh038 xvh053"
"SR738501002";"xvh032 xvh052 xvh054";"xvh001 xvh002 xvh003 xvh004 xvh005 xvh006 xvh007 xvh008 xvh009 xvh010 xvh011 xvh012 xvh013 xvh014 xvh015 xvh016 xvh017 xvh018 xvh019 xvh038 xvh053"
"SR738001001";"xvh001 xvh002 xvh003 xvh004 xvh005 xvh006 xvh007 xvh008 xvh009 xvh010 xvh011 xvh012 xvh013 xvh014 xvh015 xvh016 xvh017 xvh018 xvh019 xvh032 xvh052 xvh054";"xvh038 xvh053"
"pvmwni2tst";"xvh032 xvh038 xvh052 xvh053 xvh054";"xvh001 xvh002 xvh003 xvh004 xvh005 xvh006 xvh007 xvh008 xvh009 xvh010 xvh011 xvh012 xvh013 xvh014 xvh015 xvh016 xvh017 xvh018 xvh019"
"pvmwsrdfabm01";"xvh032 xvh038 xvh052 xvh053 xvh054";"xvh001 xvh002 xvh003 xvh004 xvh005 xvh006 xvh007 xvh008 xvh009 xvh010 xvh011 xvh012 xvh013 xvh014 xvh015 xvh016 xvh017 xvh018 xvh019"
"PVMWWORLDNET01";"xvh032 xvh038 xvh052 xvh053 xvh054";"xvh001 xvh002 xvh003 xvh004 xvh005 xvh006 xvh007 xvh008 xvh009 xvh010 xvh011 xvh012 xvh013 xvh014 xvh015 xvh016 xvh017 xvh018 xvh019"
"pxl0nnmi0010";"xvh001 xvh002 xvh003 xvh004 xvh005 xvh006 xvh007 xvh008 xvh009 xvh010 xvh011 xvh012 xvh013 xvh014 xvh015 xvh016 xvh017 xvh018 xvh019 xvh032 xvh052 xvh054";"xvh038 xvh053"
"pxw0itmv0009";"xvh032 xvh052 xvh054";"xvh001 xvh002 xvh003 xvh004 xvh005 xvh006 xvh007 xvh008 xvh009 xvh010 xvh011 xvh012 xvh013 xvh014 xvh015 xvh016 xvh017 xvh018 xvh019 xvh038 xvh053"
"pxl1tsm00032_old";"xvh001 xvh002 xvh003 xvh004 xvh005 xvh006 xvh007 xvh008 xvh009 xvh010 xvh011 xvh012 xvh013 xvh014 xvh015 xvh016 xvh017 xvh018 xvh019 xvh032 xvh038 xvh052 xvh053 xvh054";""
"VMWPUBGPE224";"xvh032 xvh038 xvh052 xvh053 xvh054";"xvh001 xvh002 xvh003 xvh004 xvh005 xvh006 xvh007 xvh008 xvh009 xvh010 xvh011 xvh012 xvh013 xvh014 xvh015 xvh016 xvh017 xvh018 xvh019"
"pxw0sfs00008";"xvh032 xvh052 xvh054";"xvh001 xvh002 xvh003 xvh004 xvh005 xvh006 xvh007 xvh008 xvh009 xvh010 xvh011 xvh012 xvh013 xvh014 xvh015 xvh016 xvh017 xvh018 xvh019 xvh038 xvh053"
"PXW1CEADG014";"xvh032 xvh038 xvh052 xvh053 xvh054";"xvh001 xvh002 xvh003 xvh004 xvh005 xvh006 xvh007 xvh008 xvh009 xvh010 xvh011 xvh012 xvh013 xvh014 xvh015 xvh016 xvh017 xvh018 xvh019"
"pxw1spf00030";"xvh032 xvh052 xvh054";"xvh001 xvh002 xvh003 xvh004 xvh005 xvh006 xvh007 xvh008 xvh009 xvh010 xvh011 xvh012 xvh013 xvh014 xvh015 xvh016 xvh017 xvh018 xvh019 xvh038 xvh053"
"pxw0admt0001";"xvh032 xvh052 xvh054";"xvh001 xvh002 xvh003 xvh004 xvh005 xvh006 xvh007 xvh008 xvh009 xvh010 xvh011 xvh012 xvh013 xvh014 xvh015 xvh016 xvh017 xvh018 xvh019 xvh038 xvh053"
"PVMWREPORTTIER03_bkp";"xvh032 xvh038 xvh052 xvh053 xvh054";"xvh001 xvh002 xvh003 xvh004 xvh005 xvh006 xvh007 xvh008 xvh009 xvh010 xvh011 xvh012 xvh013 xvh014 xvh015 xvh016 xvh017 xvh018 xvh019"
"PVMWSPOTWEB03";"xvh032 xvh038 xvh052 xvh053 xvh054";"xvh001 xvh002 xvh003 xvh004 xvh005 xvh006 xvh007 xvh008 xvh009 xvh010 xvh011 xvh012 xvh013 xvh014 xvh015 xvh016 xvh017 xvh018 xvh019"
"pvmwrgmadrid";"xvh032 xvh038 xvh052 xvh053 xvh054";"xvh001 xvh002 xvh003 xvh004 xvh005 xvh006 xvh007 xvh008 xvh009 xvh010 xvh011 xvh012 xvh013 xvh014 xvh015 xvh016 xvh017 xvh018 xvh019"
"PVMWSDD01";"xvh032 xvh052 xvh054";"xvh001 xvh002 xvh003 xvh004 xvh005 xvh006 xvh007 xvh008 xvh009 xvh010 xvh011 xvh012 xvh013 xvh014 xvh015 xvh016 xvh017 xvh018 xvh019 xvh038 xvh053"
"PVMWSTIME";"xvh032 xvh038 xvh052 xvh053 xvh054";"xvh001 xvh002 xvh003 xvh004 xvh005 xvh006 xvh007 xvh008 xvh009 xvh010 xvh011 xvh012 xvh013 xvh014 xvh015 xvh016 xvh017 xvh018 xvh019"
"PXW1CEADG003";"xvh032 xvh038 xvh052 xvh053 xvh054";"xvh001 xvh002 xvh003 xvh004 xvh005 xvh006 xvh007 xvh008 xvh009 xvh010 xvh011 xvh012 xvh013 xvh014 xvh015 xvh016 xvh017 xvh018 xvh019"
"pxw1spf00004";"xvh032 xvh038 xvh052 xvh053 xvh054";"xvh001 xvh002 xvh003 xvh004 xvh005 xvh006 xvh007 xvh008 xvh009 xvh010 xvh011 xvh012 xvh013 xvh014 xvh015 xvh016 xvh017 xvh018 xvh019"
"svwbsa09indra01";"xvh032 xvh038 xvh052 xvh053 xvh054";"xvh001 xvh002 xvh003 xvh004 xvh005 xvh006 xvh007 xvh008 xvh009 xvh010 xvh011 xvh012 xvh013 xvh014 xvh015 xvh016 xvh017 xvh018 xvh019"
"pxl1tsm00031_old";"xvh001 xvh002 xvh003 xvh004 xvh005 xvh006 xvh007 xvh008 xvh009 xvh010 xvh011 xvh012 xvh013 xvh014 xvh015 xvh016 xvh017 xvh018 xvh019 xvh032 xvh038 xvh052 xvh053 xvh054";""
"pxl1cea00025__deletar_em__06_06_2020__09_13_10";"xvh001 xvh002 xvh003 xvh004 xvh005 xvh006 xvh007 xvh008 xvh009 xvh010 xvh011 xvh012 xvh013 xvh014 xvh015 xvh016 xvh017 xvh018 xvh019 xvh032 xvh038 xvh052 xvh053 xvh054";""
"PVMWVIMUPDT";"xvh032 xvh052 xvh054";"xvh001 xvh002 xvh003 xvh004 xvh005 xvh006 xvh007 xvh008 xvh009 xvh010 xvh011 xvh012 xvh013 xvh014 xvh015 xvh016 xvh017 xvh018 xvh019 xvh038 xvh053"
"VMWBAMB125";"xvh032 xvh038 xvh052 xvh053 xvh054";"xvh001 xvh002 xvh003 xvh004 xvh005 xvh006 xvh007 xvh008 xvh009 xvh010 xvh011 xvh012 xvh013 xvh014 xvh015 xvh016 xvh017 xvh018 xvh019"
"pxw1aub00001";"xvh032 xvh038 xvh052 xvh053 xvh054";"xvh001 xvh002 xvh003 xvh004 xvh005 xvh006 xvh007 xvh008 xvh009 xvh010 xvh011 xvh012 xvh013 xvh014 xvh015 xvh016 xvh017 xvh018 xvh019"
"VMWCARSTRAMTS57";"xvh032 xvh038 xvh052 xvh053 xvh054";"xvh001 xvh002 xvh003 xvh004 xvh005 xvh006 xvh007 xvh008 xvh009 xvh010 xvh011 xvh012 xvh013 xvh014 xvh015 xvh016 xvh017 xvh018 xvh019"
"pvmwspotweb01";"xvh032 xvh038 xvh052 xvh053 xvh054";"xvh001 xvh002 xvh003 xvh004 xvh005 xvh006 xvh007 xvh008 xvh009 xvh010 xvh011 xvh012 xvh013 xvh014 xvh015 xvh016 xvh017 xvh018 xvh019"
"svwbsa09abaco01";"xvh032 xvh052 xvh054";"xvh001 xvh002 xvh003 xvh004 xvh005 xvh006 xvh007 xvh008 xvh009 xvh010 xvh011 xvh012 xvh013 xvh014 xvh015 xvh016 xvh017 xvh018 xvh019 xvh038 xvh053"
"pvmwalm";"xvh032 xvh038 xvh052 xvh053 xvh054";"xvh001 xvh002 xvh003 xvh004 xvh005 xvh006 xvh007 xvh008 xvh009 xvh010 xvh011 xvh012 xvh013 xvh014 xvh015 xvh016 xvh017 xvh018 xvh019"
"PXW1AMB00004";"xvh032 xvh052 xvh054";"xvh001 xvh002 xvh003 xvh004 xvh005 xvh006 xvh007 xvh008 xvh009 xvh010 xvh011 xvh012 xvh013 xvh014 xvh015 xvh016 xvh017 xvh018 xvh019 xvh038 xvh053"
"pxl1hpo00021";"xvh032";"xvh001 xvh002 xvh003 xvh004 xvh005 xvh006 xvh007 xvh008 xvh009 xvh010 xvh011 xvh012 xvh013 xvh014 xvh015 xvh016 xvh017 xvh018 xvh019 xvh038 xvh052 xvh053 xvh054"
"PVMW9946RESTRI3";"xvh032 xvh038 xvh052 xvh053 xvh054";"xvh001 xvh002 xvh003 xvh004 xvh005 xvh006 xvh007 xvh008 xvh009 xvh010 xvh011 xvh012 xvh013 xvh014 xvh015 xvh016 xvh017 xvh018 xvh019"
"VMWMTA58";"xvh032 xvh038 xvh052 xvh053 xvh054";"xvh001 xvh002 xvh003 xvh004 xvh005 xvh006 xvh007 xvh008 xvh009 xvh010 xvh011 xvh012 xvh013 xvh014 xvh015 xvh016 xvh017 xvh018 xvh019"
"pxw0itmv0007";"xvh032 xvh052 xvh054";"xvh001 xvh002 xvh003 xvh004 xvh005 xvh006 xvh007 xvh008 xvh009 xvh010 xvh011 xvh012 xvh013 xvh014 xvh015 xvh016 xvh017 xvh018 xvh019 xvh038 xvh053"
"PVMWGEFOR_NEW";"xvh032 xvh052 xvh054";"xvh001 xvh002 xvh003 xvh004 xvh005 xvh006 xvh007 xvh008 xvh009 xvh010 xvh011 xvh012 xvh013 xvh014 xvh015 xvh016 xvh017 xvh018 xvh019 xvh038 xvh053"
"pxw0hpsm0002";"xvh032 xvh052 xvh054";"xvh001 xvh002 xvh003 xvh004 xvh005 xvh006 xvh007 xvh008 xvh009 xvh010 xvh011 xvh012 xvh013 xvh014 xvh015 xvh016 xvh017 xvh018 xvh019 xvh038 xvh053"
"pvmwbsmdps02";"xvh032 xvh052 xvh054";"xvh001 xvh002 xvh003 xvh004 xvh005 xvh006 xvh007 xvh008 xvh009 xvh010 xvh011 xvh012 xvh013 xvh014 xvh015 xvh016 xvh017 xvh018 xvh019 xvh038 xvh053"
"PVMWSRDFMCQ01";"xvh032 xvh038 xvh052 xvh053 xvh054";"xvh001 xvh002 xvh003 xvh004 xvh005 xvh006 xvh007 xvh008 xvh009 xvh010 xvh011 xvh012 xvh013 xvh014 xvh015 xvh016 xvh017 xvh018 xvh019"
"PVMWCONTRATO01";"xvh032 xvh052 xvh054";"xvh001 xvh002 xvh003 xvh004 xvh005 xvh006 xvh007 xvh008 xvh009 xvh010 xvh011 xvh012 xvh013 xvh014 xvh015 xvh016 xvh017 xvh018 xvh019 xvh038 xvh053"
"pxw1spf00040";"xvh032 xvh038 xvh052 xvh053 xvh054";"xvh001 xvh002 xvh003 xvh004 xvh005 xvh006 xvh007 xvh008 xvh009 xvh010 xvh011 xvh012 xvh013 xvh014 xvh015 xvh016 xvh017 xvh018 xvh019"
"PVMWCOGCDM01";"xvh032 xvh052 xvh054";"xvh001 xvh002 xvh003 xvh004 xvh005 xvh006 xvh007 xvh008 xvh009 xvh010 xvh011 xvh012 xvh013 xvh014 xvh015 xvh016 xvh017 xvh018 xvh019 xvh038 xvh053"
