"vmName";"vmState"
"135_VMSPDCROU01_clone";"PoweredOn"
"php90604";"PoweredOn"
"PVMLANM";"PoweredOn"
"PVMLANTISPAM01";"PoweredOn"
"pvmlcor03";"PoweredOn"
"PVMLDNSNET02";"PoweredOn"
"PVMLReplicaSAN01";"PoweredOn"
"PVMLSECEX01";"PoweredOn"
"pvmlstwas901";"PoweredOn"
"PVMLVIPST03";"PoweredOn"
"PVMTELPABX01";"PoweredOn"
"PVMWCPIDEB";"PoweredOn"
"PVMWINTRA211";"PoweredOn"
"pxl0bkpfw001";"PoweredOn"
"pxl0cdn00027";"PoweredOn"
"pxl0cea00003";"PoweredOn"
"pxl0cmse0002";"PoweredOn"
"pxl0cpri0001";"PoweredOn"
"pxl0desig001";"PoweredOn"
"pxl0docker002";"PoweredOn"
"pxl0dockr039";"PoweredOn"
"PXL0DPCI0001";"PoweredOn"
"pxl0fcvw0001";"PoweredOn"
"pxl0fcvw0004";"PoweredOn"
"pxl0hpsm0005";"PoweredOn"
"pxl0mobpl001_";"PoweredOn"
"pxl0mon00002";"PoweredOn"
"pxl0mon00003";"PoweredOn"
"pxl0mon00011";"PoweredOn"
"pxl0mon00040";"PoweredOn"
"pxl0mon00044";"PoweredOn"
"pxl0mvc00001";"PoweredOn"
"pxl0piwik303";"PoweredOn"
"pxl0rtl00001";"PoweredOn"
"pxl0spam0005";"PoweredOn"
"pxl0spam0011";"PoweredOn"
"pxl0squid109";"PoweredOn"
"pxl0squid112";"PoweredOn"
"pxl0tda00006";"PoweredOn"
"pxl1ahs00051";"PoweredOn"
"pxl1ahs00087";"PoweredOn"
"pxl1aml00001";"PoweredOn"
"pxl1aml00023";"PoweredOn"
"pxl1apmhe002";"PoweredOn"
"pxl1apmhe019";"PoweredOn"
"pxl1ars00004";"PoweredOn"
"pxl1atc00003";"PoweredOn"
"pxl1aub00009";"PoweredOn"
"pxl1aub00013";"PoweredOn"
"pxl1aub00014";"PoweredOn"
"pxl1aub00021";"PoweredOn"
"pxl1aub00024";"PoweredOn"
"pxl1aub00040";"PoweredOn"
"pxl1cea00037";"PoweredOn"
"PXL1CEASU002";"PoweredOn"
"pxl1cgnat002";"PoweredOn"
"pxl1elk00002";"PoweredOn"
"pxl1elk00009";"PoweredOn"
"pxl1gir00020";"PoweredOn"
"pxl1gir00024";"PoweredOn"
"pxl1iga00002";"PoweredOn"
"pxl1iib00004";"PoweredOn"
"pxl1ipa00007";"PoweredOn"
"pxl1ipa00017";"PoweredOn"
"pxl1ipa00050";"PoweredOn"
"pxl1ipa00113";"PoweredOn"
"pxl1ise00002";"PoweredOn"
"pxl1ldpod021";"PoweredOn"
"pxl1lnxdv002";"PoweredOn"
"pxl1lnxvg001";"PoweredOn"
"pxl1mdm00004";"PoweredOn"
"pxl1miv40001";"PoweredOn"
"pxl1mqs00011";"PoweredOn"
"pxl1mwg00001";"PoweredOn"
"pxl1mwgc1007";"PoweredOn"
"pxl1mwgdi004";"PoweredOn"
"pxl1mwgdi005";"PoweredOn"
"pxl1nia20003";"PoweredOn"
"pxl1obi00011";"PoweredOn"
"pxl1psc00012";"PoweredOn"
"pxl1pscet102";"PoweredOn"
"pxl1psckb028";"PoweredOn"
"pxl1pscnd025";"PoweredOn"
"pxl1rbf00001";"PoweredOn"
"pxl1src00008";"PoweredOn"
"pxl1srm00001";"PoweredOn"
"pxl1sso00021";"PoweredOn"
"pxl1sso00031";"PoweredOn"
"PXL1TBS00092";"PoweredOn"
"pxl1tbsbw024";"PoweredOn"
"pxl1tsm00009";"PoweredOn"
"pxl1tsm00015";"PoweredOn"
"pxl1tsm00026";"PoweredOn"
"pxl1tsmve005";"PoweredOn"
"pxl1was00003";"PoweredOn"
"pxw0vmwpy001";"PoweredOn"
"PXW1AMB00001";"PoweredOn"
"PXW1AMB00008";"PoweredOn"
"pxw1cea00004";"PoweredOn"
"pxw1cea00007";"PoweredOn"
"pxw1cea00008";"PoweredOn"
"PXW1CEASV002";"PoweredOn"
"pxw1dts00002";"PoweredOn"
"pxw1hpsm0002";"PoweredOn"
"pxw1hpsm0021";"PoweredOn"
"pxw1hpsm0023";"PoweredOn"
"pxw1plg00002";"PoweredOn"
"pxw1tsm00001";"PoweredOn"
"srdfsvl01.df.bb";"PoweredOn"
