"VM";"Com Compat";"Sem Compat"
"pxl1mqs00025";"xvh001 xvh002 xvh003 xvh004 xvh005 xvh006 xvh007 xvh008 xvh009 xvh010 xvh011 xvh012 xvh013 xvh014 xvh015 xvh016 xvh017 xvh018 xvh019 xvh032 xvh052 xvh054";"xvh038 xvh053"
"pxl1oqmcz001";"xvh001 xvh002 xvh003 xvh004 xvh005 xvh006 xvh007 xvh008 xvh009 xvh010 xvh011 xvh012 xvh013 xvh014 xvh015 xvh016 xvh017 xvh018 xvh019";"xvh032 xvh038 xvh052 xvh053 xvh054"
"pxl1hpo00025";"xvh001 xvh002 xvh003 xvh004 xvh005 xvh006 xvh007 xvh008 xvh009 xvh010 xvh011 xvh012 xvh013 xvh014 xvh015 xvh016 xvh017 xvh018 xvh019 xvh032 xvh052 xvh054";"xvh038 xvh053"
"PVMLTACACS01";"xvh013 xvh014 xvh015 xvh016 xvh017 xvh018 xvh019 xvh032 xvh052 xvh054";"xvh001 xvh002 xvh003 xvh004 xvh005 xvh006 xvh007 xvh008 xvh009 xvh010 xvh011 xvh012 xvh038 xvh053"
"pxl1zlx00001";"xvh001 xvh002 xvh003 xvh004 xvh005 xvh006 xvh007 xvh008 xvh009 xvh010 xvh011 xvh012 xvh013 xvh014 xvh015 xvh016 xvh017 xvh018 xvh019 xvh032 xvh038 xvh052 xvh053 xvh054";""
"PXL1SRCMB032";"xvh001 xvh002 xvh003 xvh004 xvh005 xvh006 xvh007 xvh008 xvh009 xvh010 xvh011 xvh012 xvh013 xvh014 xvh015 xvh016 xvh017 xvh018 xvh019 xvh032 xvh038 xvh052 xvh053 xvh054";""
"php90601";"xvh001 xvh002 xvh003 xvh004 xvh005 xvh006 xvh007 xvh008 xvh009 xvh010 xvh011 xvh012 xvh013 xvh014 xvh015 xvh016 xvh017 xvh018 xvh019 xvh032 xvh038 xvh052 xvh053 xvh054";""
"pxl1psc00016";"xvh001 xvh002 xvh003 xvh004 xvh005 xvh006 xvh007 xvh008 xvh009 xvh010 xvh011 xvh012 xvh013 xvh014 xvh015 xvh016 xvh017 xvh018 xvh019 xvh032 xvh052 xvh054";"xvh038 xvh053"
"pxl1cea00012";"xvh001 xvh002 xvh003 xvh004 xvh005 xvh006 xvh007 xvh008 xvh009 xvh010 xvh011 xvh012 xvh013 xvh014 xvh015 xvh016 xvh017 xvh018 xvh019 xvh032 xvh052 xvh054";"xvh038 xvh053"
"pxl0cpw00001";"xvh001 xvh002 xvh003 xvh004 xvh005 xvh006 xvh007 xvh008 xvh009 xvh010 xvh011 xvh012 xvh013 xvh014 xvh015 xvh016 xvh017 xvh018 xvh019 xvh032 xvh052 xvh054";"xvh038 xvh053"
"pxl1ise00042";"xvh001 xvh002 xvh003 xvh004 xvh005 xvh006 xvh007 xvh008 xvh009 xvh010 xvh011 xvh012 xvh013 xvh014 xvh015 xvh016 xvh017 xvh018 xvh019 xvh032 xvh052 xvh054";"xvh038 xvh053"
"pvmlhdn-16old";"xvh001 xvh002 xvh003 xvh004 xvh005 xvh006 xvh007 xvh008 xvh009 xvh010 xvh011 xvh012 xvh013 xvh014 xvh015 xvh016 xvh017 xvh018 xvh019 xvh032 xvh052 xvh054";"xvh038 xvh053"
"pxl1aml00010";"xvh001 xvh002 xvh003 xvh004 xvh005 xvh006 xvh007 xvh008 xvh009 xvh010 xvh011 xvh012 xvh013 xvh014 xvh015 xvh016 xvh017 xvh018 xvh019 xvh032 xvh052 xvh054";"xvh038 xvh053"
"pxw1sib00003";"xvh001 xvh002 xvh003 xvh004 xvh005 xvh006 xvh007 xvh008 xvh009 xvh010 xvh011 xvh012 xvh013 xvh014 xvh015 xvh016 xvh017 xvh018 xvh019 xvh032 xvh052 xvh054";"xvh038 xvh053"
"pxl1aub00053";"xvh001 xvh002 xvh003 xvh004 xvh005 xvh006 xvh007 xvh008 xvh009 xvh010 xvh011 xvh012 xvh013 xvh014 xvh015 xvh016 xvh017 xvh018 xvh019 xvh032 xvh038 xvh052 xvh053 xvh054";""
"pxl1tbsbw002";"xvh001 xvh002 xvh003 xvh004 xvh005 xvh006 xvh007 xvh008 xvh009 xvh010 xvh011 xvh012 xvh013 xvh014 xvh015 xvh016 xvh017 xvh018 xvh019 xvh032 xvh038 xvh052 xvh053 xvh054";""
"PXL1CEASU026";"xvh001 xvh002 xvh003 xvh004 xvh005 xvh006 xvh007 xvh008 xvh009 xvh010 xvh011 xvh012 xvh013 xvh014 xvh015 xvh016 xvh017 xvh018 xvh019 xvh032 xvh052 xvh054";"xvh038 xvh053"
"pvmledisegreg2";"xvh001 xvh002 xvh003 xvh004 xvh005 xvh006 xvh007 xvh008 xvh009 xvh010 xvh011 xvh012 xvh013 xvh014 xvh015 xvh016 xvh017 xvh018 xvh019 xvh032 xvh052 xvh054";"xvh038 xvh053"
"pxl0cdn00028";"xvh001 xvh002 xvh003 xvh004 xvh005 xvh006 xvh007 xvh008 xvh009 xvh010 xvh011 xvh012 xvh013 xvh014 xvh015 xvh016 xvh017 xvh018 xvh019 xvh032 xvh038 xvh052 xvh053 xvh054";""
"pxl0nps00004";"xvh001 xvh002 xvh003 xvh004 xvh005 xvh006 xvh007 xvh008 xvh009 xvh010 xvh011 xvh012 xvh013 xvh014 xvh015 xvh016 xvh017 xvh018 xvh019 xvh032 xvh038 xvh052 xvh053 xvh054";""
"pvmlacti";"xvh001 xvh002 xvh003 xvh004 xvh005 xvh006 xvh007 xvh008 xvh009 xvh010 xvh011 xvh012 xvh013 xvh014 xvh015 xvh016 xvh017 xvh018 xvh019 xvh032 xvh038 xvh052 xvh053 xvh054";""
"pxl1tsm00045";"xvh001 xvh002 xvh003 xvh004 xvh005 xvh006 xvh007 xvh008 xvh009 xvh010 xvh011 xvh012 xvh013 xvh014 xvh015 xvh016 xvh017 xvh018 xvh019 xvh032 xvh038 xvh052 xvh053 xvh054";""
"pxl1tsm00024";"xvh001 xvh002 xvh003 xvh004 xvh005 xvh006 xvh007 xvh008 xvh009 xvh010 xvh011 xvh012 xvh013 xvh014 xvh015 xvh016 xvh017 xvh018 xvh019 xvh032 xvh038 xvh052 xvh053 xvh054";""
"pvmlintrarep01";"xvh001 xvh002 xvh003 xvh004 xvh005 xvh006 xvh007 xvh008 xvh009 xvh010 xvh011 xvh012 xvh013 xvh014 xvh015 xvh016 xvh017 xvh018 xvh019 xvh032 xvh038 xvh052 xvh053 xvh054";""
"pxl1cgngw001";"xvh001 xvh002 xvh003 xvh004 xvh005 xvh006 xvh007 xvh008 xvh009 xvh010 xvh011 xvh012 xvh013 xvh014 xvh015 xvh016 xvh017 xvh018 xvh019 xvh032 xvh038 xvh052 xvh053 xvh054";""
"pxl1ipa00090";"xvh001 xvh002 xvh003 xvh004 xvh005 xvh006 xvh007 xvh008 xvh009 xvh010 xvh011 xvh012 xvh013 xvh014 xvh015 xvh016 xvh017 xvh018 xvh019 xvh032 xvh038 xvh052 xvh053 xvh054";""
"pvmlstsc01";"xvh001 xvh002 xvh003 xvh004 xvh005 xvh006 xvh007 xvh008 xvh009 xvh010 xvh011 xvh012 xvh013 xvh014 xvh015 xvh016 xvh017 xvh018 xvh019";"xvh032 xvh038 xvh052 xvh053 xvh054"
"pxl0vcsext02";"xvh001 xvh002 xvh003 xvh004 xvh005 xvh006 xvh007 xvh008 xvh009 xvh010 xvh011 xvh012 xvh013 xvh014 xvh015 xvh016 xvh017 xvh018 xvh019";"xvh032 xvh038 xvh052 xvh053 xvh054"
"pxl1apmhe034";"xvh001 xvh002 xvh003 xvh004 xvh005 xvh006 xvh007 xvh008 xvh009 xvh010 xvh011 xvh012 xvh013 xvh014 xvh015 xvh016 xvh017 xvh018 xvh019 xvh032 xvh052 xvh054";"xvh038 xvh053"
"pxl1cea00014_del_30_05_2020";"xvh001 xvh002 xvh003 xvh004 xvh005 xvh006 xvh007 xvh008 xvh009 xvh010 xvh011 xvh012 xvh013 xvh014 xvh015 xvh016 xvh017 xvh018 xvh019 xvh032 xvh038 xvh052 xvh053 xvh054";""
"PXW1CEADV010";"xvh001 xvh002 xvh003 xvh004 xvh005 xvh006 xvh007 xvh008 xvh009 xvh010 xvh011 xvh012 xvh013 xvh014 xvh015 xvh016 xvh017 xvh018 xvh019";"xvh032 xvh038 xvh052 xvh053 xvh054"
"pvmlstmcu903";"xvh001 xvh002 xvh003 xvh004 xvh005 xvh006 xvh007 xvh008 xvh009 xvh010 xvh011 xvh012 xvh013 xvh014 xvh015 xvh016 xvh017 xvh018 xvh019 xvh032 xvh052 xvh054";"xvh038 xvh053"
"pxl1cea00017_del_30_05_2020";"xvh001 xvh002 xvh003 xvh004 xvh005 xvh006 xvh007 xvh008 xvh009 xvh010 xvh011 xvh012 xvh013 xvh014 xvh015 xvh016 xvh017 xvh018 xvh019 xvh032 xvh038 xvh052 xvh053 xvh054";""
"PXW1CEADV006";"xvh001 xvh002 xvh003 xvh004 xvh005 xvh006 xvh007 xvh008 xvh009 xvh010 xvh011 xvh012 xvh013 xvh014 xvh015 xvh016 xvh017 xvh018 xvh019";"xvh032 xvh038 xvh052 xvh053 xvh054"
"pxl1cea00034";"xvh001 xvh002 xvh003 xvh004 xvh005 xvh006 xvh007 xvh008 xvh009 xvh010 xvh011 xvh012 xvh013 xvh014 xvh015 xvh016 xvh017 xvh018 xvh019 xvh032 xvh052 xvh054";"xvh038 xvh053"
"pxl1gir00029";"xvh001 xvh002 xvh003 xvh004 xvh005 xvh006 xvh007 xvh008 xvh009 xvh010 xvh011 xvh012 xvh013 xvh014 xvh015 xvh016 xvh017 xvh018 xvh019 xvh032 xvh052 xvh054";"xvh038 xvh053"
"pxl0vmwpy002";"xvh001 xvh002 xvh003 xvh004 xvh005 xvh006 xvh007 xvh008 xvh009 xvh010 xvh011 xvh012 xvh013 xvh014 xvh015 xvh016 xvh017 xvh018 xvh019 xvh032 xvh052 xvh054";"xvh038 xvh053"
"PXL1CEASU013_gerenciaEmonitoramento";"xvh001 xvh002 xvh003 xvh004 xvh005 xvh006 xvh007 xvh008 xvh009 xvh010 xvh011 xvh012 xvh013 xvh014 xvh015 xvh016 xvh017 xvh018 xvh019";"xvh032 xvh038 xvh052 xvh053 xvh054"
"PVMLSUSE_REPO_deletar_em_20-06-2020";"xvh001 xvh002 xvh003 xvh004 xvh005 xvh006 xvh007 xvh008 xvh009 xvh010 xvh011 xvh012 xvh013 xvh014 xvh015 xvh016 xvh017 xvh018 xvh019 xvh032 xvh038 xvh052 xvh053 xvh054";""
"PVMLPHPDES";"xvh001 xvh002 xvh003 xvh004 xvh005 xvh006 xvh007 xvh008 xvh009 xvh010 xvh011 xvh012 xvh013 xvh014 xvh015 xvh016 xvh017 xvh018 xvh019 xvh032 xvh052 xvh054";"xvh038 xvh053"
"pxl1cea00019_del_30_05_2020";"xvh001 xvh002 xvh003 xvh004 xvh005 xvh006 xvh007 xvh008 xvh009 xvh010 xvh011 xvh012 xvh013 xvh014 xvh015 xvh016 xvh017 xvh018 xvh019 xvh032 xvh038 xvh052 xvh053 xvh054";""
"pxl1cgncm001";"xvh001 xvh002 xvh003 xvh004 xvh005 xvh006 xvh007 xvh008 xvh009 xvh010 xvh011 xvh012 xvh013 xvh014 xvh015 xvh016 xvh017 xvh018 xvh019 xvh032 xvh038 xvh052 xvh053 xvh054";""
"pxl1apmhe021";"xvh001 xvh002 xvh003 xvh004 xvh005 xvh006 xvh007 xvh008 xvh009 xvh010 xvh011 xvh012 xvh013 xvh014 xvh015 xvh016 xvh017 xvh018 xvh019 xvh032 xvh052 xvh054";"xvh038 xvh053"
"pxl0amh00003";"xvh001 xvh002 xvh003 xvh004 xvh005 xvh006 xvh007 xvh008 xvh009 xvh010 xvh011 xvh012 xvh013 xvh014 xvh015 xvh016 xvh017 xvh018 xvh019 xvh032 xvh038 xvh052 xvh053 xvh054";""
"pxl1ahs00059";"xvh001 xvh002 xvh003 xvh004 xvh005 xvh006 xvh007 xvh008 xvh009 xvh010 xvh011 xvh012 xvh013 xvh014 xvh015 xvh016 xvh017 xvh018 xvh019 xvh032 xvh038 xvh052 xvh053 xvh054";""
"pxl1aub00022";"xvh001 xvh002 xvh003 xvh004 xvh005 xvh006 xvh007 xvh008 xvh009 xvh010 xvh011 xvh012 xvh013 xvh014 xvh015 xvh016 xvh017 xvh018 xvh019 xvh032 xvh038 xvh052 xvh053 xvh054";""
"pxl1elk00005";"xvh001 xvh002 xvh003 xvh004 xvh005 xvh006 xvh007 xvh008 xvh009 xvh010 xvh011 xvh012 xvh013 xvh014 xvh015 xvh016 xvh017 xvh018 xvh019 xvh032 xvh038 xvh052 xvh053 xvh054";""
"pxl0dockr009";"xvh001 xvh002 xvh003 xvh004 xvh005 xvh006 xvh007 xvh008 xvh009 xvh010 xvh011 xvh012 xvh013 xvh014 xvh015 xvh016 xvh017 xvh018 xvh019 xvh032 xvh038 xvh052 xvh053 xvh054";""
"pxw1mdm00003";"xvh001 xvh002 xvh003 xvh004 xvh005 xvh006 xvh007 xvh008 xvh009 xvh010 xvh011 xvh012 xvh013 xvh014 xvh015 xvh016 xvh017 xvh018 xvh019 xvh032 xvh052 xvh054";"xvh038 xvh053"
"pxl1psckb022";"xvh001 xvh002 xvh003 xvh004 xvh005 xvh006 xvh007 xvh008 xvh009 xvh010 xvh011 xvh012 xvh013 xvh014 xvh015 xvh016 xvh017 xvh018 xvh019 xvh032 xvh038 xvh052 xvh053 xvh054";""
"pvmlsvn01";"xvh001 xvh002 xvh003 xvh004 xvh005 xvh006 xvh007 xvh008 xvh009 xvh010 xvh011 xvh012 xvh013 xvh014 xvh015 xvh016 xvh017 xvh018 xvh019";"xvh032 xvh038 xvh052 xvh053 xvh054"
"pxl1oqmch005";"xvh001 xvh002 xvh003 xvh004 xvh005 xvh006 xvh007 xvh008 xvh009 xvh010 xvh011 xvh012 xvh013 xvh014 xvh015 xvh016 xvh017 xvh018 xvh019";"xvh032 xvh038 xvh052 xvh053 xvh054"
"PVMWTSM4VEPX";"xvh001 xvh002 xvh003 xvh004 xvh005 xvh006 xvh007 xvh008 xvh009 xvh010 xvh011 xvh012 xvh013 xvh014 xvh015 xvh016 xvh017 xvh018 xvh019 xvh032 xvh052 xvh054";"xvh038 xvh053"
"pxl1nia10004";"xvh001 xvh002 xvh003 xvh004 xvh005 xvh006 xvh007 xvh008 xvh009 xvh010 xvh011 xvh012 xvh013 xvh014 xvh015 xvh016 xvh017 xvh018 xvh019 xvh032 xvh038 xvh052 xvh053 xvh054";""
"pxl1cea00031";"xvh001 xvh002 xvh003 xvh004 xvh005 xvh006 xvh007 xvh008 xvh009 xvh010 xvh011 xvh012 xvh013 xvh014 xvh015 xvh016 xvh017 xvh018 xvh019 xvh032 xvh052 xvh054";"xvh038 xvh053"
"pxw1hpsm0011";"xvh001 xvh002 xvh003 xvh004 xvh005 xvh006 xvh007 xvh008 xvh009 xvh010 xvh011 xvh012 xvh013 xvh014 xvh015 xvh016 xvh017 xvh018 xvh019 xvh032 xvh038 xvh052 xvh053 xvh054";""
"pxl1psckb030";"xvh001 xvh002 xvh003 xvh004 xvh005 xvh006 xvh007 xvh008 xvh009 xvh010 xvh011 xvh012 xvh013 xvh014 xvh015 xvh016 xvh017 xvh018 xvh019 xvh032 xvh052 xvh054";"xvh038 xvh053"
"pxl1wls00017";"xvh001 xvh002 xvh003 xvh004 xvh005 xvh006 xvh007 xvh008 xvh009 xvh010 xvh011 xvh012 xvh013 xvh014 xvh015 xvh016 xvh017 xvh018 xvh019 xvh032 xvh038 xvh052 xvh053 xvh054";""
"pxl0omi00008";"xvh001 xvh002 xvh003 xvh004 xvh005 xvh006 xvh007 xvh008 xvh009 xvh010 xvh011 xvh012 xvh013 xvh014 xvh015 xvh016 xvh017 xvh018 xvh019 xvh032 xvh038 xvh052 xvh053 xvh054";""
"PXL1CEASU024";"xvh001 xvh002 xvh003 xvh004 xvh005 xvh006 xvh007 xvh008 xvh009 xvh010 xvh011 xvh012 xvh013 xvh014 xvh015 xvh016 xvh017 xvh018 xvh019 xvh032 xvh052 xvh054";"xvh038 xvh053"
"pxl0eur00001";"xvh001 xvh002 xvh003 xvh004 xvh005 xvh006 xvh007 xvh008 xvh009 xvh010 xvh011 xvh012 xvh013 xvh014 xvh015 xvh016 xvh017 xvh018 xvh019 xvh032 xvh052 xvh054";"xvh038 xvh053"
"SRCBSA09049";"xvh001 xvh002 xvh003 xvh004 xvh005 xvh006 xvh007 xvh008 xvh009 xvh010 xvh011 xvh012 xvh013 xvh014 xvh015 xvh016 xvh017 xvh018 xvh019 xvh032 xvh052 xvh054";"xvh038 xvh053"
"PXW1CEASV004";"xvh001 xvh002 xvh003 xvh004 xvh005 xvh006 xvh007 xvh008 xvh009 xvh010 xvh011 xvh012 xvh013 xvh014 xvh015 xvh016 xvh017 xvh018 xvh019";"xvh032 xvh038 xvh052 xvh053 xvh054"
"pxl0piwik201";"xvh001 xvh002 xvh003 xvh004 xvh005 xvh006 xvh007 xvh008 xvh009 xvh010 xvh011 xvh012 xvh013 xvh014 xvh015 xvh016 xvh017 xvh018 xvh019 xvh032 xvh038 xvh052 xvh053 xvh054";""
"PVMLVIPST03";"xvh001 xvh002 xvh003 xvh004 xvh005 xvh006 xvh007 xvh008 xvh009 xvh010 xvh011 xvh012 xvh013 xvh014 xvh015 xvh016 xvh017 xvh018 xvh019 xvh032 xvh038 xvh052 xvh053 xvh054";""
"pxl1ise00007";"xvh001 xvh002 xvh003 xvh004 xvh005 xvh006 xvh007 xvh008 xvh009 xvh010 xvh011 xvh012 xvh013 xvh014 xvh015 xvh016 xvh017 xvh018 xvh019 xvh032 xvh052 xvh054";"xvh038 xvh053"
"pxl0testldap01";"xvh001 xvh002 xvh003 xvh004 xvh005 xvh006 xvh007 xvh008 xvh009 xvh010 xvh011 xvh012 xvh013 xvh014 xvh015 xvh016 xvh017 xvh018 xvh019 xvh032 xvh052 xvh054";"xvh038 xvh053"
"pxl0tdart001";"xvh001 xvh002 xvh003 xvh004 xvh005 xvh006 xvh007 xvh008 xvh009 xvh010 xvh011 xvh012 xvh013 xvh014 xvh015 xvh016 xvh017 xvh018 xvh019 xvh032 xvh038 xvh052 xvh053 xvh054";""
"pxl1ipa00117";"xvh001 xvh002 xvh003 xvh004 xvh005 xvh006 xvh007 xvh008 xvh009 xvh010 xvh011 xvh012 xvh013 xvh014 xvh015 xvh016 xvh017 xvh018 xvh019 xvh032 xvh038 xvh052 xvh053 xvh054";""
"pxl0url00001";"xvh001 xvh002 xvh003 xvh004 xvh005 xvh006 xvh007 xvh008 xvh009 xvh010 xvh011 xvh012 xvh013 xvh014 xvh015 xvh016 xvh017 xvh018 xvh019 xvh032 xvh052 xvh054";"xvh038 xvh053"
"pvmlmcmv07";"xvh001 xvh002 xvh003 xvh004 xvh005 xvh006 xvh007 xvh008 xvh009 xvh010 xvh011 xvh012 xvh013 xvh014 xvh015 xvh016 xvh017 xvh018 xvh019 xvh032 xvh052 xvh054";"xvh038 xvh053"
"pxl1lnxts01";"xvh001 xvh002 xvh003 xvh004 xvh005 xvh006 xvh007 xvh008 xvh009 xvh010 xvh011 xvh012 xvh013 xvh014 xvh015 xvh016 xvh017 xvh018 xvh019 xvh032 xvh038 xvh052 xvh053 xvh054";""
"pxl1cea00038";"xvh001 xvh002 xvh003 xvh004 xvh005 xvh006 xvh007 xvh008 xvh009 xvh010 xvh011 xvh012 xvh013 xvh014 xvh015 xvh016 xvh017 xvh018 xvh019 xvh032 xvh052 xvh054";"xvh038 xvh053"
"PXL1TBS00097";"xvh001 xvh002 xvh003 xvh004 xvh005 xvh006 xvh007 xvh008 xvh009 xvh010 xvh011 xvh012 xvh013 xvh014 xvh015 xvh016 xvh017 xvh018 xvh019 xvh032 xvh038 xvh052 xvh053 xvh054";""
"VMWBEP49";"xvh001 xvh002 xvh003 xvh004 xvh005 xvh006 xvh007 xvh008 xvh009 xvh010 xvh011 xvh012 xvh013 xvh014 xvh015 xvh016 xvh017 xvh018 xvh019";"xvh032 xvh038 xvh052 xvh053 xvh054"
"SVWBSA09RDS0001";"xvh001 xvh002 xvh003 xvh004 xvh005 xvh006 xvh007 xvh008 xvh009 xvh010 xvh011 xvh012 xvh013 xvh014 xvh015 xvh016 xvh017 xvh018 xvh019 xvh032 xvh052 xvh054";"xvh038 xvh053"
"pxl1tsm00025";"xvh001 xvh002 xvh003 xvh004 xvh005 xvh006 xvh007 xvh008 xvh009 xvh010 xvh011 xvh012 xvh013 xvh014 xvh015 xvh016 xvh017 xvh018 xvh019 xvh032 xvh038 xvh052 xvh053 xvh054";""
"pxw1ceasg007";"xvh001 xvh002 xvh003 xvh004 xvh005 xvh006 xvh007 xvh008 xvh009 xvh010 xvh011 xvh012 xvh013 xvh014 xvh015 xvh016 xvh017 xvh018 xvh019";"xvh032 xvh038 xvh052 xvh053 xvh054"
"pxl1cea00032";"xvh001 xvh002 xvh003 xvh004 xvh005 xvh006 xvh007 xvh008 xvh009 xvh010 xvh011 xvh012 xvh013 xvh014 xvh015 xvh016 xvh017 xvh018 xvh019 xvh032 xvh052 xvh054";"xvh038 xvh053"
"pxw0sfs00002";"xvh001 xvh002 xvh003 xvh004 xvh005 xvh006 xvh007 xvh008 xvh009 xvh010 xvh011 xvh012 xvh013 xvh014 xvh015 xvh016 xvh017 xvh018 xvh019 xvh032 xvh052 xvh054";"xvh038 xvh053"
"pvmwsan7";"xvh001 xvh002 xvh003 xvh004 xvh005 xvh006 xvh007 xvh008 xvh009 xvh010 xvh011 xvh012 xvh013 xvh014 xvh015 xvh016 xvh017 xvh018 xvh019 xvh032 xvh052 xvh054";"xvh038 xvh053"
"pxl1elk00003";"xvh001 xvh002 xvh003 xvh004 xvh005 xvh006 xvh007 xvh008 xvh009 xvh010 xvh011 xvh012 xvh013 xvh014 xvh015 xvh016 xvh017 xvh018 xvh019 xvh032 xvh038 xvh052 xvh053 xvh054";""
"PVMLTIBCO10";"xvh001 xvh002 xvh003 xvh004 xvh005 xvh006 xvh007 xvh008 xvh009 xvh010 xvh011 xvh012 xvh013 xvh014 xvh015 xvh016 xvh017 xvh018 xvh019 xvh032 xvh038 xvh052 xvh053 xvh054";""
"pxl0mon00038";"xvh001 xvh002 xvh003 xvh004 xvh005 xvh006 xvh007 xvh008 xvh009 xvh010 xvh011 xvh012 xvh013 xvh014 xvh015 xvh016 xvh017 xvh018 xvh019 xvh032 xvh052 xvh054";"xvh038 xvh053"
"pxl1nia00006";"xvh001 xvh002 xvh003 xvh004 xvh005 xvh006 xvh007 xvh008 xvh009 xvh010 xvh011 xvh012 xvh013 xvh014 xvh015 xvh016 xvh017 xvh018 xvh019 xvh032 xvh052 xvh054";"xvh038 xvh053"
"pxw1hpsm0001";"xvh001 xvh002 xvh003 xvh004 xvh005 xvh006 xvh007 xvh008 xvh009 xvh010 xvh011 xvh012 xvh013 xvh014 xvh015 xvh016 xvh017 xvh018 xvh019 xvh032 xvh038 xvh052 xvh053 xvh054";""
"PXL1LNXET001";"xvh001 xvh002 xvh003 xvh004 xvh005 xvh006 xvh007 xvh008 xvh009 xvh010 xvh011 xvh012 xvh013 xvh014 xvh015 xvh016 xvh017 xvh018 xvh019 xvh032 xvh038 xvh052 xvh053 xvh054";""
"pxl0cmsco015";"xvh001 xvh002 xvh003 xvh004 xvh005 xvh006 xvh007 xvh008 xvh009 xvh010 xvh011 xvh012 xvh013 xvh014 xvh015 xvh016 xvh017 xvh018 xvh019";"xvh032 xvh038 xvh052 xvh053 xvh054"
"pxl0mon00013";"xvh001 xvh002 xvh003 xvh004 xvh005 xvh006 xvh007 xvh008 xvh009 xvh010 xvh011 xvh012 xvh013 xvh014 xvh015 xvh016 xvh017 xvh018 xvh019 xvh032 xvh038 xvh052 xvh053 xvh054";""
"pxl0csirt007";"xvh001 xvh002 xvh003 xvh004 xvh005 xvh006 xvh007 xvh008 xvh009 xvh010 xvh011 xvh012 xvh013 xvh014 xvh015 xvh016 xvh017 xvh018 xvh019 xvh032 xvh038 xvh052 xvh053 xvh054";""
"pxw1tsm00002";"xvh001 xvh002 xvh003 xvh004 xvh005 xvh006 xvh007 xvh008 xvh009 xvh010 xvh011 xvh012 xvh013 xvh014 xvh015 xvh016 xvh017 xvh018 xvh019 xvh032 xvh038 xvh052 xvh053 xvh054";""
"pxl1tsm00001";"xvh001 xvh002 xvh003 xvh004 xvh005 xvh006 xvh007 xvh008 xvh009 xvh010 xvh011 xvh012 xvh013 xvh014 xvh015 xvh016 xvh017 xvh018 xvh019 xvh032 xvh038 xvh052 xvh053 xvh054";""
"pxl1mdm00019";"xvh001 xvh002 xvh003 xvh004 xvh005 xvh006 xvh007 xvh008 xvh009 xvh010 xvh011 xvh012 xvh013 xvh014 xvh015 xvh016 xvh017 xvh018 xvh019 xvh032 xvh038 xvh052 xvh053 xvh054";""
"pxw1tsm00004";"xvh001 xvh002 xvh003 xvh004 xvh005 xvh006 xvh007 xvh008 xvh009 xvh010 xvh011 xvh012 xvh013 xvh014 xvh015 xvh016 xvh017 xvh018 xvh019 xvh032 xvh038 xvh052 xvh053 xvh054";""
"pxl1cea00033";"xvh001 xvh002 xvh003 xvh004 xvh005 xvh006 xvh007 xvh008 xvh009 xvh010 xvh011 xvh012 xvh013 xvh014 xvh015 xvh016 xvh017 xvh018 xvh019 xvh032 xvh052 xvh054";"xvh038 xvh053"
"pxl1psckb210";"xvh001 xvh002 xvh003 xvh004 xvh005 xvh006 xvh007 xvh008 xvh009 xvh010 xvh011 xvh012 xvh013 xvh014 xvh015 xvh016 xvh017 xvh018 xvh019 xvh032 xvh052 xvh054";"xvh038 xvh053"
"pxl1cbo00006";"xvh001 xvh002 xvh003 xvh004 xvh005 xvh006 xvh007 xvh008 xvh009 xvh010 xvh011 xvh012 xvh013 xvh014 xvh015 xvh016 xvh017 xvh018 xvh019 xvh032 xvh052 xvh054";"xvh038 xvh053"
"pvmltis01";"xvh001 xvh002 xvh003 xvh004 xvh005 xvh006 xvh007 xvh008 xvh009 xvh010 xvh011 xvh012 xvh013 xvh014 xvh015 xvh016 xvh017 xvh018 xvh019 xvh032 xvh052 xvh054";"xvh038 xvh053"
"PVMLSTPR03";"xvh001 xvh002 xvh003 xvh004 xvh005 xvh006 xvh007 xvh008 xvh009 xvh010 xvh011 xvh012 xvh013 xvh014 xvh015 xvh016 xvh017 xvh018 xvh019 xvh032 xvh038 xvh052 xvh053 xvh054";""
"pxl1ise00043";"xvh001 xvh002 xvh003 xvh004 xvh005 xvh006 xvh007 xvh008 xvh009 xvh010 xvh011 xvh012 xvh013 xvh014 xvh015 xvh016 xvh017 xvh018 xvh019 xvh032 xvh038 xvh052 xvh053 xvh054";""
"PVMLTESTERHEL5";"xvh001 xvh002 xvh003 xvh004 xvh005 xvh006 xvh007 xvh008 xvh009 xvh010 xvh011 xvh012 xvh013 xvh014 xvh015 xvh016 xvh017 xvh018 xvh019 xvh032 xvh038 xvh052 xvh053 xvh054";""
"pxw1spf00036";"xvh001 xvh002 xvh003 xvh004 xvh005 xvh006 xvh007 xvh008 xvh009 xvh010 xvh011 xvh012 xvh013 xvh014 xvh015 xvh016 xvh017 xvh018 xvh019 xvh032 xvh052 xvh054";"xvh038 xvh053"
"pxl0hmcs4001";"xvh013 xvh014 xvh015 xvh016 xvh017 xvh018 xvh019";"xvh001 xvh002 xvh003 xvh004 xvh005 xvh006 xvh007 xvh008 xvh009 xvh010 xvh011 xvh012 xvh032 xvh038 xvh052 xvh053 xvh054"
"PXW1CEASV006";"xvh001 xvh002 xvh003 xvh004 xvh005 xvh006 xvh007 xvh008 xvh009 xvh010 xvh011 xvh012 xvh013 xvh014 xvh015 xvh016 xvh017 xvh018 xvh019";"xvh032 xvh038 xvh052 xvh053 xvh054"
"PXL1OQMAG010";"xvh001 xvh002 xvh003 xvh004 xvh005 xvh006 xvh007 xvh008 xvh009 xvh010 xvh011 xvh012 xvh013 xvh014 xvh015 xvh016 xvh017 xvh018 xvh019 xvh032 xvh052 xvh054";"xvh038 xvh053"
"pxl1psckb215";"xvh001 xvh002 xvh003 xvh004 xvh005 xvh006 xvh007 xvh008 xvh009 xvh010 xvh011 xvh012 xvh013 xvh014 xvh015 xvh016 xvh017 xvh018 xvh019 xvh032 xvh052 xvh054";"xvh038 xvh053"
"pxl1apmhe015";"xvh001 xvh002 xvh003 xvh004 xvh005 xvh006 xvh007 xvh008 xvh009 xvh010 xvh011 xvh012 xvh013 xvh014 xvh015 xvh016 xvh017 xvh018 xvh019 xvh032 xvh052 xvh054";"xvh038 xvh053"
"pxl0spam0012";"xvh001 xvh002 xvh003 xvh004 xvh005 xvh006 xvh007 xvh008 xvh009 xvh010 xvh011 xvh012 xvh013 xvh014 xvh015 xvh016 xvh017 xvh018 xvh019";"xvh032 xvh038 xvh052 xvh053 xvh054"
"pxl1cea00018_del_30_05_2020";"xvh001 xvh002 xvh003 xvh004 xvh005 xvh006 xvh007 xvh008 xvh009 xvh010 xvh011 xvh012 xvh013 xvh014 xvh015 xvh016 xvh017 xvh018 xvh019 xvh032 xvh038 xvh052 xvh053 xvh054";""
"pvmlout002_new";"xvh001 xvh002 xvh003 xvh004 xvh005 xvh006 xvh007 xvh008 xvh009 xvh010 xvh011 xvh012 xvh013 xvh014 xvh015 xvh016 xvh017 xvh018 xvh019 xvh032 xvh052 xvh054";"xvh038 xvh053"
"PXL0JUR00001";"xvh001 xvh002 xvh003 xvh004 xvh005 xvh006 xvh007 xvh008 xvh009 xvh010 xvh011 xvh012 xvh013 xvh014 xvh015 xvh016 xvh017 xvh018 xvh019";"xvh032 xvh038 xvh052 xvh053 xvh054"
"PXL0JUR00003";"xvh001 xvh002 xvh003 xvh004 xvh005 xvh006 xvh007 xvh008 xvh009 xvh010 xvh011 xvh012 xvh013 xvh014 xvh015 xvh016 xvh017 xvh018 xvh019";"xvh032 xvh038 xvh052 xvh053 xvh054"
"PXL1LNXLAB04";"xvh001 xvh002 xvh003 xvh004 xvh005 xvh006 xvh007 xvh008 xvh009 xvh010 xvh011 xvh012 xvh013 xvh014 xvh015 xvh016 xvh017 xvh018 xvh019 xvh032 xvh038 xvh052 xvh053 xvh054";""
"pvmlciged01";"xvh001 xvh002 xvh003 xvh004 xvh005 xvh006 xvh007 xvh008 xvh009 xvh010 xvh011 xvh012 xvh013 xvh014 xvh015 xvh016 xvh017 xvh018 xvh019";"xvh032 xvh038 xvh052 xvh053 xvh054"
"pxl1mqs00009";"xvh001 xvh002 xvh003 xvh004 xvh005 xvh006 xvh007 xvh008 xvh009 xvh010 xvh011 xvh012 xvh013 xvh014 xvh015 xvh016 xvh017 xvh018 xvh019 xvh032 xvh052 xvh054";"xvh038 xvh053"
"PVMLMIS03";"xvh001 xvh002 xvh003 xvh004 xvh005 xvh006 xvh007 xvh008 xvh009 xvh010 xvh011 xvh012 xvh013 xvh014 xvh015 xvh016 xvh017 xvh018 xvh019";"xvh032 xvh038 xvh052 xvh053 xvh054"
